country,country_name,year,country_fe_id,year_fe_id,algebraic_connectivity_vitality_w,efficiency_vitality_w,flow_betweenness_log1p_w,communicability_betweenness_asinh_w,shannon_entropy_w,participation_coefficient_w,within_module_degree_zscore_w,laplacian_centrality_log_w,algebraic_connectivity_vitality_w_lag1,efficiency_vitality_w_lag1,flow_betweenness_log1p_w_lag1,communicability_betweenness_asinh_w_lag1,shannon_entropy_w_lag1,participation_coefficient_w_lag1,within_module_degree_zscore_w_lag1,laplacian_centrality_log_w_lag1,populism_gov_annual_l1,lnGDP_lag1,lnTradeOpen_lag1,asinhFDI_lag1,asinhInflation_winsor_lag1,Region_i,Region_i_zh,Region_i_model,populism_gov_election_raw,is_election_year_observed,populism_gov_annual,source_election_year,historical_fill_source_year,historical_fill_value,historical_prefill_applied,populism_gov_annual_l2,Europe_i,Asia_i,Americas_i,Africa-MiddleEast_i,populism_gov_l1_x_Europe,populism_gov_l1_x_Asia,populism_gov_l1_x_Americas,populism_gov_l1_x_Africa-MiddleEast
ARG,Argentina,2019,3,2019,0.000581736,-0.017714156,8.982272107,0.593981658,3.365036161,0.607025371,-0.606291736,-5.620373102,0.000819509,-0.016356524,9.114676336,0.664612973,3.317872234,0.662495798,-0.812925797,-5.534990532,0.2023080684596577,26.98632097850765,3.426297584509424,1.543040270793615,4.227840993580824,Americas,美洲,Americas,0.6294961832061069,1,0.6294961832061069,2019.0,1991.0,0.3604740882917466,0,0.2023080684596577,0,0,1,0,0.0,0.0,0.2023080684596577,0.0
BRA,Brazil,1996,10,1996,0.002254162,-0.001037295,9.286207157,2.587783611,3.282804922,0.637122656,-0.512067202,-4.252892305,0.012220801,0.000784586,9.562439528,2.691001836,3.234306275,0.498818531,-0.355548325,-4.172575437,0.2001403269754769,27.36879017210851,2.83229880830147,0.5957201557303204,4.882965860846376,Americas,美洲,Americas,,0,0.2001403269754769,1994.0,1990.0,0.2575249999999999,0,0.2001403269754769,0,0,1,0,0.0,0.0,0.2001403269754769,0.0
BRA,Brazil,1997,10,1997,0.00221235,0.001040605,9.547437155,2.591213665,3.238018242,0.625974387,-0.507502041,-4.172256267,0.002254162,-0.001037295,9.286207157,2.587783611,3.282804922,0.637122656,-0.512067202,-4.252892305,0.2001403269754769,27.46900374651563,2.749549820599299,1.181356854275145,3.451479445275089,Americas,美洲,Americas,,0,0.2001403269754769,1994.0,1990.0,0.2575249999999999,0,0.2001403269754769,0,0,1,0,0.0,0.0,0.2001403269754769,0.0
BRA,Brazil,1998,10,1998,0.003348593,-0.000207191,9.746225077,2.537607182,3.23387085,0.600358661,-0.516668819,-4.218017939,0.00221235,0.001040605,9.547437155,2.591213665,3.238018242,0.625974387,-0.507502041,-4.172256267,0.2001403269754769,27.50682481859645,2.807968490474767,1.508964046009721,2.633702812262726,Americas,美洲,Americas,0.1675196743554953,1,0.1675196743554953,1998.0,1990.0,0.2575249999999999,0,0.2001403269754769,0,0,1,0,0.0,0.0,0.2001403269754769,0.0
BRA,Brazil,1999,10,1999,0.002844549,0.000813674,9.520718003,2.457121906,3.214004634,0.605371446,-0.527227421,-4.290371125,0.003348593,-0.000207191,9.746225077,2.537607182,3.23387085,0.600358661,-0.516668819,-4.218017939,0.1675196743554953,27.48450406753664,2.799631310996793,1.921064787319284,1.878393935419199,Americas,美洲,Americas,,0,0.1675196743554953,1998.0,1990.0,0.2575249999999999,0,0.2001403269754769,0,0,1,0,0.0,0.0,0.1675196743554953,0.0
BRA,Brazil,2000,10,2000,0.003070965,0.004051614,9.667821595,2.654077147,3.220431515,0.623702162,-0.569359636,-4.177563554,0.002844549,0.000813674,9.520718003,2.457121906,3.214004634,0.605371446,-0.527227421,-4.290371125,0.1675196743554953,27.11959877250157,3.043672861406167,2.258843309750229,2.284292911386828,Americas,美洲,Americas,,0,0.1675196743554953,1998.0,1990.0,0.2575249999999999,0,0.1675196743554953,0,0,1,0,0.0,0.0,0.1675196743554953,0.0
BRA,Brazil,2001,10,2001,0.002494038,0.006159281,10.13380152,2.945835094,3.274558459,0.620267431,-0.499063487,-4.07288566,0.003070965,0.004051614,9.667821595,2.654077147,3.220431515,0.623702162,-0.569359636,-4.177563554,0.1675196743554953,27.20858509546916,3.119707712598135,2.319068438966157,2.650344039350283,Americas,美洲,Americas,,0,0.1675196743554953,1998.0,1990.0,0.2575249999999999,0,0.1675196743554953,0,0,1,0,0.0,0.0,0.1675196743554953,0.0
BRA,Brazil,2002,10,2002,0.002111833,0.002779174,9.94835138,2.859323206,3.320060732,0.634935151,-0.467358297,-4.184733579,0.002494038,0.006159281,10.13380152,2.945835094,3.274558459,0.620267431,-0.499063487,-4.07288566,0.1675196743554953,27.05117352042036,3.293474263364379,2.129901210942172,2.621288043938946,Americas,美洲,Americas,0.4101565557729941,1,0.4101565557729941,2002.0,1990.0,0.2575249999999999,0,0.1675196743554953,0,0,1,0,0.0,0.0,0.1675196743554953,0.0
BRA,Brazil,2003,10,2003,0.002920236,0.000335484,9.968180823,2.806599641,3.341208211,0.640244285,-0.464089887,-4.253953541,0.002111833,0.002779174,9.94835138,2.859323206,3.320060732,0.634935151,-0.467358297,-4.184733579,0.4101565557729941,26.95727505204114,3.318480675094541,1.895724619248369,2.830815971164036,Americas,美洲,Americas,,0,0.4101565557729941,2002.0,1990.0,0.2575249999999999,0,0.1675196743554953,0,0,1,0,0.0,0.0,0.4101565557729941,0.0
BRA,Brazil,2004,10,2004,0.005932267,0.001009818,10.05102993,3.093501448,3.365944331,0.643062611,-0.393225529,-4.204297741,0.002920236,0.000335484,9.968180823,2.806599641,3.341208211,0.640244285,-0.464089887,-4.253953541,0.4101565557729941,27.04804357214038,3.33720572328962,1.356930191820928,3.383161692784548,Americas,美洲,Americas,,0,0.4101565557729941,2002.0,1990.0,0.2575249999999999,0,0.4101565557729941,0,0,1,0,0.0,0.0,0.4101565557729941,0.0
BRA,Brazil,2005,10,2005,0.003660812,0.001165759,10.10466558,3.011842848,3.379418123,0.654484029,-0.395713438,-4.138038176,0.005932267,0.001009818,10.05102993,3.093501448,3.365944331,0.643062611,-0.393225529,-4.204297741,0.4101565557729941,27.22948227286106,3.390414537871338,1.723741408229998,2.585485477758658,Americas,美洲,Americas,,0,0.4101565557729941,2002.0,1990.0,0.2575249999999999,0,0.4101565557729941,0,0,1,0,0.0,0.0,0.4101565557729941,0.0
BRA,Brazil,2006,10,2006,0.002956946,0.001260849,10.04867357,3.179818302,3.425869762,0.475989633,-0.339366476,-4.11064652,0.003660812,0.001165759,10.10466558,3.011842848,3.379418123,0.654484029,-0.395713438,-4.138038176,0.4101565557729941,27.51632137697736,3.299046347336078,1.317878911614287,2.625499983086066,Americas,美洲,Americas,0.3922321428571429,1,0.3922321428571429,2006.0,1990.0,0.2575249999999999,0,0.4101565557729941,0,0,1,0,0.0,0.0,0.4101565557729941,0.0
BRA,Brazil,2007,10,2007,0.003115114,0.00088551,10.140531,3.26384062,3.428826248,0.482225151,-0.331641517,-4.056786384,0.002956946,0.001260849,10.04867357,3.179818302,3.425869762,0.475989633,-0.339366476,-4.11064652,0.3922321428571429,27.7332407442067,3.259699095084715,1.327447373827467,2.138298886956575,Americas,美洲,Americas,,0,0.3922321428571429,2006.0,1990.0,0.2575249999999999,0,0.4101565557729941,0,0,1,0,0.0,0.0,0.3922321428571429,0.0
BRA,Brazil,2008,10,2008,0.004575371,0.004483139,10.15867565,3.554721123,3.391510534,0.662495798,-0.421048154,-3.79558928,0.003115114,0.00088551,10.140531,3.26384062,3.428826248,0.482225151,-0.331641517,-4.056786384,0.3922321428571429,27.96542997323813,3.230512312598364,1.87712379750297,2.003823839520739,Americas,美洲,Americas,,0,0.3922321428571429,2006.0,1990.0,0.2575249999999999,0,0.3922321428571429,0,0,1,0,0.0,0.0,0.3922321428571429,0.0
BRA,Brazil,2009,10,2009,0.031035232,0.002045384,9.953923832,3.496057501,3.412973917,0.659627854,-0.348093351,-3.895341518,0.004575371,0.004483139,10.15867565,3.554721123,3.391510534,0.662495798,-0.421048154,-3.79558928,0.3922321428571429,28.1592083853694,3.305331259292224,1.815472549997984,2.437514990433107,Americas,美洲,Americas,,0,0.3922321428571429,2006.0,1990.0,0.2575249999999999,0,0.3922321428571429,0,0,1,0,0.0,0.0,0.3922321428571429,0.0
BRA,Brazil,2010,10,2010,0.007658941,0.005256622,10.11928968,3.679630348,3.371105072,0.6400611,-0.300127913,-3.655710671,0.031035232,0.002045384,9.953923832,3.496057501,3.412973917,0.659627854,-0.348093351,-3.895341518,0.3922321428571429,28.14204449669061,3.095847961390059,1.39262131930232,2.290240381590198,Americas,美洲,Americas,0.3654678747940692,1,0.3654678747940692,2010.0,1990.0,0.2575249999999999,0,0.3922321428571429,0,0,1,0,0.0,0.0,0.3922321428571429,0.0
BRA,Brazil,2011,10,2011,0.007456455,0.007419373,10.23707525,3.792645653,3.335858342,0.640942486,-0.277116539,-3.557824631,0.007658941,0.005256622,10.11928968,3.679630348,3.371105072,0.6400611,-0.300127913,-3.655710671,0.3654678747940692,28.42348775043976,3.125539532647075,2.027061674931196,2.320005166617408,Americas,美洲,Americas,,0,0.3654678747940692,2010.0,1990.0,0.2575249999999999,0,0.3922321428571429,0,0,1,0,0.0,0.0,0.3654678747940692,0.0
BRA,Brazil,2012,10,2012,0.002443307,0.006504591,10.02602342,3.667299476,3.349993466,0.661153693,-0.426365831,-3.583751013,0.007456455,0.007419373,10.23707525,3.792645653,3.335858342,0.640942486,-0.277116539,-3.557824631,0.3654678747940692,28.59272741263198,3.175316970917128,2.073932595427167,2.591352915098453,Americas,美洲,Americas,,0,0.3654678747940692,2010.0,1990.0,0.2575249999999999,0,0.3654678747940692,0,0,1,0,0.0,0.0,0.3654678747940692,0.0
BRA,Brazil,2013,10,2013,0.002843421,0.006762788,9.8183685,3.622148012,3.334689402,0.636146878,-0.317687235,-3.595563589,0.002443307,0.006504591,10.02602342,3.667299476,3.349993466,0.661153693,-0.426365831,-3.583751013,0.3654678747940692,28.53330553321464,3.223436354240729,2.033502382489965,2.388648278657461,Americas,美洲,Americas,,0,0.3654678747940692,2010.0,1990.0,0.2575249999999999,0,0.3654678747940692,0,0,1,0,0.0,0.0,0.3654678747940692,0.0
BRA,Brazil,2014,10,2014,0.003743959,0.004296427,9.563578866,3.42984983,3.329297913,0.636739589,-0.296474783,-3.694911852,0.002843421,0.006762788,9.8183685,3.622148012,3.334689402,0.636146878,-0.317687235,-3.595563589,0.3654678747940692,28.53638005774165,3.249830054141438,1.831491735939553,2.524823735662533,Americas,美洲,Americas,0.3198397328881469,1,0.3198397328881469,2014.0,1990.0,0.2575249999999999,0,0.3654678747940692,0,0,1,0,0.0,0.0,0.3654678747940692,0.0
BRA,Brazil,2015,10,2015,0.004714233,0.001433814,9.499406801,3.189902094,3.328643567,0.654537344,-0.533020044,-3.818034835,0.003743959,0.004296427,9.563578866,3.42984983,3.329297913,0.636739589,-0.296474783,-3.694911852,0.3198397328881469,28.52957294610043,3.206212211247238,1.985140011454798,2.544479285909932,Americas,美洲,Americas,,0,0.3198397328881469,2014.0,1990.0,0.2575249999999999,0,0.3654678747940692,0,0,1,0,0.0,0.0,0.3198397328881469,0.0
BRA,Brazil,2016,10,2016,0.004028425,0.000611917,9.737877496,3.056210888,3.337524052,0.656526832,-0.606356037,-3.922195369,0.004714233,0.001433814,9.499406801,3.189902094,3.328643567,0.654537344,-0.533020044,-3.818034835,0.3198397328881469,28.22003591495202,3.294117831430565,1.990732559172329,2.896740595057905,Americas,美洲,Americas,,0,0.3198397328881469,2014.0,1990.0,0.2575249999999999,0,0.3198397328881469,0,0,1,0,0.0,0.0,0.3198397328881469,0.0
BRA,Brazil,2017,10,2017,0.005969468,0.002314299,9.897703615,3.126461364,3.320484075,0.654987443,-0.683918486,-3.871859708,0.004028425,0.000611917,9.737877496,3.056210888,3.337524052,0.656526832,-0.606356037,-3.922195369,0.3198397328881469,28.21641228391708,3.200046952063877,2.127504219001989,2.864216837366451,Americas,美洲,Americas,,0,0.3198397328881469,2014.0,1990.0,0.2575249999999999,0,0.3198397328881469,0,0,1,0,0.0,0.0,0.3198397328881469,0.0
BRA,Brazil,2018,10,2018,0.006375177,0.007180384,9.965771941,3.232421008,3.254371529,0.654658965,-0.667676217,-3.747200035,0.005969468,0.002314299,9.897703615,3.126461364,3.320484075,0.654987443,-0.683918486,-3.871859708,0.3198397328881469,28.35543180450759,3.191288134923533,1.920311261935862,1.950882797557099,Americas,美洲,Americas,0.2023557894736842,1,0.2023557894736842,2018.0,1990.0,0.2575249999999999,0,0.3198397328881469,0,0,1,0,0.0,0.0,0.3198397328881469,0.0
BRA,Brazil,2019,10,2019,0.008619641,0.00638877,9.951215275,3.187918091,3.242243025,0.64036056,-0.328179947,-3.752410781,0.006375177,0.007180384,9.965771941,3.232421008,3.254371529,0.654658965,-0.667676217,-3.747200035,0.2023557894736842,28.28174799846178,3.36301784333817,2.113598936101062,2.010048949733254,Americas,美洲,Americas,,0,0.2023557894736842,2018.0,1990.0,0.2575249999999999,0,0.3198397328881469,0,0,1,0,0.0,0.0,0.2023557894736842,0.0
CAN,Canada,1996,11,1996,0.003052978,0.063691917,10.32500894,5.27909561,1.65882799,0.433128673,1.222596178,-1.608523501,0.002177739,0.062062668,10.4973692,5.234469254,1.646281529,0.259405246,1.557926089,-1.65954847,0.178,27.13008161313453,4.235001004122735,1.55172981594398,1.508250343262768,Americas,美洲,Americas,,0,0.178,1993.0,1988.0,0.202,0,0.178,0,0,1,0,0.0,0.0,0.178,0.0
CAN,Canada,1997,11,1997,0.003375192,0.067777728,10.56537899,5.441384283,1.644015621,0.417177921,1.22185874,-1.450081118,0.003052978,0.063691917,10.32500894,5.27909561,1.65882799,0.433128673,1.222596178,-1.608523501,0.178,27.16995026100326,4.252203692325879,1.136983033985794,1.233260687866794,Americas,美洲,Americas,0.178,1,0.178,1997.0,1988.0,0.202,0,0.178,0,0,1,0,0.0,0.0,0.178,0.0
CAN,Canada,1998,11,1998,0.003306724,0.070312321,10.76201093,5.489779532,1.644015621,0.405560139,1.224885311,-1.426642331,0.003375192,0.067777728,10.56537899,5.441384283,1.644015621,0.417177921,1.22185874,-1.450081118,0.178,27.20788122483593,4.308603563636384,1.577420098929952,1.260174649039783,Americas,美洲,Americas,,0,0.178,1997.0,1988.0,0.202,0,0.178,0,0,1,0,0.0,0.0,0.178,0.0
CAN,Canada,1999,11,1999,0.007280163,0.074187081,10.64345574,5.595022439,1.644015621,0.3963748,1.20181923,-1.35595322,0.003306724,0.070312321,10.76201093,5.489779532,1.644015621,0.405560139,1.224885311,-1.426642331,0.178,27.17531479138364,4.357749123378703,2.080041543765978,0.878501558251259,Americas,美洲,Americas,,0,0.178,1997.0,1988.0,0.202,0,0.178,0,0,1,0,0.0,0.0,0.178,0.0
CAN,Canada,2000,11,2000,0.025544108,0.074458312,10.77416394,5.627090332,1.644015621,0.401953944,1.06509975,-1.347576967,0.007280163,0.074187081,10.64345574,5.595022439,1.644015621,0.3963748,1.20181923,-1.35595322,0.178,27.24302089925649,4.383463468345434,2.106073998595027,1.318353125287709,Americas,美洲,Americas,0.178,1,0.178,2000.0,1988.0,0.202,0,0.178,0,0,1,0,0.0,0.0,0.178,0.0
CAN,Canada,2001,11,2001,0.030965502,0.070007804,11.09235064,5.554694132,1.644015621,0.41265651,1.14690531,-1.454281878,0.025544108,0.074458312,10.77416394,5.627090332,1.644015621,0.401953944,1.06509975,-1.347576967,0.178,27.33634586937697,4.416009590394214,2.912155374576572,1.725782336684534,Americas,美洲,Americas,,0,0.178,2000.0,1988.0,0.202,0,0.178,0,0,1,0,0.0,0.0,0.178,0.0
CAN,Canada,2002,11,2002,0.034633911,0.067440665,10.99925654,5.472466857,1.695168655,0.424032887,1.185913394,-1.527369289,0.030965502,0.070007804,11.09235064,5.554694132,1.644015621,0.41265651,1.14690531,-1.454281878,0.178,27.32853911937102,4.361112174048246,2.055642219207229,1.656520339486777,Americas,美洲,Americas,,0,0.178,2000.0,1988.0,0.202,0,0.178,0,0,1,0,0.0,0.0,0.178,0.0
CAN,Canada,2003,11,2003,0.050043736,0.059856234,10.99163408,5.358248295,1.800504789,0.44854886,1.158907124,-1.718740454,0.034633911,0.067440665,10.99925654,5.472466857,1.695168655,0.424032887,1.185913394,-1.527369289,0.178,27.35743829241706,4.326871050157069,1.885559344634417,1.553561948610584,Americas,美洲,Americas,,0,0.178,2000.0,1988.0,0.202,0,0.178,0,0,1,0,0.0,0.0,0.178,0.0
CAN,Canada,2004,11,2004,0.004813988,0.056411336,11.01508255,5.160829296,1.829723677,0.460028529,1.253928958,-1.827831631,0.050043736,0.059856234,10.99163408,5.358248295,1.800504789,0.44854886,1.158907124,-1.718740454,0.178,27.52069344729401,4.246208266299339,0.7193128349783289,1.739199988024699,Americas,美洲,Americas,0.178,1,0.178,2004.0,1988.0,0.202,0,0.178,0,0,1,0,0.0,0.0,0.178,0.0
CAN,Canada,2005,11,2005,0.005154516,0.055817795,11.04306472,5.226373021,1.907918038,0.471148863,1.274579339,-1.825606129,0.004813988,0.056411336,11.01508255,5.160829296,1.829723677,0.460028529,1.253928958,-1.827831631,0.178,27.65736138334429,4.251240327864987,0.1409982453750398,1.37791464140992,Americas,美洲,Americas,,0,0.178,2004.0,1988.0,0.202,0,0.178,0,0,1,0,0.0,0.0,0.178,0.0
CAN,Canada,2006,11,2006,0.003292252,0.052898457,10.932288,5.125244508,1.963895824,0.287205123,1.098186109,-1.921863216,0.005154516,0.055817795,11.04306472,5.226373021,1.907918038,0.471148863,1.274579339,-1.825606129,0.178,27.79067826339344,4.245048351437711,1.520587267005728,1.535254095678676,Americas,美洲,Americas,0.609,1,0.609,2006.0,1988.0,0.202,0,0.178,0,0,1,0,0.0,0.0,0.178,0.0
CAN,Canada,2007,11,2007,0.002878488,0.047592033,10.92732376,4.923231182,2.030643368,0.301703904,0.994365867,-2.074008384,0.003292252,0.052898457,10.932288,5.125244508,1.963895824,0.287205123,1.098186109,-1.921863216,0.609,27.90809573493456,4.220274535748123,2.287443863229131,1.444540892770894,Americas,美洲,Americas,,0,0.609,2006.0,1988.0,0.202,0,0.178,0,0,1,0,0.0,0.0,0.609,0.0
CAN,Canada,2008,11,2008,0.001977305,0.044103532,10.66938263,4.799333998,2.063554297,0.51723189,1.01306017,-2.139317422,0.002878488,0.047592033,10.92732376,4.923231182,2.030643368,0.301703904,0.994365867,-2.074008384,0.609,28.01548075090406,4.19393978670465,2.801046466956956,1.503863537663034,Americas,美洲,Americas,0.579,1,0.579,2008.0,1988.0,0.202,0,0.609,0,0,1,0,0.0,0.0,0.609,0.0
CAN,Canada,2009,11,2009,0.003768722,0.043436187,10.57823143,4.894453083,2.176792332,0.525777169,1.12552674,-2.177558683,0.001977305,0.044103532,10.66938263,4.799333998,2.063554297,0.51723189,1.01306017,-2.139317422,0.579,28.07120302177406,4.205044920935911,2.212626163656422,1.597942822585861,Americas,美洲,Americas,,0,0.579,2008.0,1988.0,0.202,0,0.609,0,0,1,0,0.0,0.0,0.579,0.0
CAN,Canada,2010,11,2010,0.003636203,0.042596684,10.72077404,4.902171087,2.201817739,0.544326028,0.77583523,-2.165899975,0.003768722,0.043436187,10.57823143,4.894453083,2.176792332,0.525777169,1.12552674,-2.177558683,0.579,27.94920218599283,4.06858891177468,1.208074676231746,0.2951623000135089,Americas,美洲,Americas,,0,0.579,2008.0,1988.0,0.202,0,0.579,0,0,1,0,0.0,0.0,0.579,0.0
CAN,Canada,2011,11,2011,0.005996935,0.040268944,10.6977449,4.819689648,2.212269965,0.544601841,0.853199777,-2.233629314,0.003636203,0.042596684,10.72077404,4.902171087,2.201817739,0.544326028,0.77583523,-2.165899975,0.579,28.11180602245712,4.097807251927179,1.368392222414684,1.339153118352539,Americas,美洲,Americas,0.579,1,0.579,2011.0,1988.0,0.202,0,0.579,0,0,1,0,0.0,0.0,0.579,0.0
CAN,Canada,2012,11,2012,0.003298159,0.042163845,10.63232117,4.816190712,2.170070986,0.530114169,0.918866898,-2.168850067,0.005996935,0.040268944,10.6977449,4.819689648,2.212269965,0.544601841,0.853199777,-2.233629314,0.579,28.21509346360624,4.135146376872068,1.503630151765521,1.790288745749965,Americas,美洲,Americas,,0,0.579,2011.0,1988.0,0.202,0,0.579,0,0,1,0,0.0,0.0,0.579,0.0
CAN,Canada,2013,11,2013,0.004790121,0.041369439,10.33843862,4.704670888,2.152905975,0.543006954,0.643424919,-2.211124933,0.003298159,0.042163845,10.63232117,4.816190712,2.170070986,0.530114169,0.918866898,-2.168850067,0.579,28.23444405109945,4.136694172375233,1.71911054883037,1.203428587828965,Americas,美洲,Americas,,0,0.579,2011.0,1988.0,0.202,0,0.579,0,0,1,0,0.0,0.0,0.579,0.0
CAN,Canada,2014,11,2014,0.006940121,0.042641769,10.08960106,4.686222425,2.023654607,0.514525337,0.67366724,-2.167294611,0.004790121,0.041369439,10.33843862,4.704670888,2.152905975,0.543006954,0.643424919,-2.211124933,0.579,28.24436583011532,4.130854471472935,2.000782114059181,0.8370594737208678,Americas,美洲,Americas,,0,0.579,2011.0,1988.0,0.202,0,0.579,0,0,1,0,0.0,0.0,0.579,0.0
CAN,Canada,2015,11,2015,0.008368022,0.044422683,10.02273338,4.682753303,2.107856217,0.523589445,0.792908436,-2.196261439,0.006940121,0.042641769,10.08960106,4.686222425,2.023654607,0.514525337,0.67366724,-2.167294611,0.579,28.22199706655904,4.164782245233688,1.980424391296956,1.401084795416372,Americas,美洲,Americas,0.289,1,0.289,2015.0,1988.0,0.202,0,0.579,0,0,1,0,0.0,0.0,0.579,0.0
CAN,Canada,2016,11,2016,0.006868542,0.043704994,10.37937586,4.655076975,2.139984937,0.529677236,0.660049896,-2.217774698,0.008368022,0.044422683,10.02273338,4.682753303,2.107856217,0.523589445,0.792908436,-2.196261439,0.289,28.07346649094126,4.192150142090585,2.058653808297842,0.9672199731573561,Americas,美洲,Americas,,0,0.289,2015.0,1988.0,0.202,0,0.579,0,0,1,0,0.0,0.0,0.289,0.0
CAN,Canada,2017,11,2017,0.006345368,0.041349373,10.50148631,4.511557819,2.159594742,0.540826586,0.531748576,-2.301498034,0.006868542,0.043704994,10.37937586,4.655076975,2.139984937,0.529677236,0.660049896,-2.217774698,0.289,28.05497736550689,4.179966821691684,1.545416237774186,1.154585268311525,Americas,美洲,Americas,,0,0.289,2015.0,1988.0,0.202,0,0.289,0,0,1,0,0.0,0.0,0.289,0.0
CAN,Canada,2018,11,2018,0.006416514,0.039087006,10.51778867,4.41009742,2.182432493,0.545270368,0.499440578,-2.363286973,0.006345368,0.041349373,10.50148631,4.511557819,2.159594742,0.540826586,0.531748576,-2.301498034,0.289,28.13135124067613,4.175940844787816,1.2153973669844,1.247330762149909,Americas,美洲,Americas,,0,0.289,2015.0,1988.0,0.202,0,0.289,0,0,1,0,0.0,0.0,0.289,0.0
CAN,Canada,2019,11,2019,0.00588128,0.038930851,10.51720615,4.46201585,2.224344149,0.565160583,0.238581569,-2.344469183,0.006416514,0.039087006,10.51778867,4.41009742,2.182432493,0.545270368,0.499440578,-2.363286973,0.289,28.17643898460088,4.198702863594067,1.635773239383479,1.557535170195716,Americas,美洲,Americas,0.297,1,0.297,2019.0,1988.0,0.202,0,0.289,0,0,1,0,0.0,0.0,0.289,0.0
CHL,Chile,1996,13,1996,0.000457103,-0.012560136,8.782017639,1.24651789,3.241662837,0.662495798,-0.581773518,-5.075564291,0.000254768,-0.01274201,8.998677781,1.136162551,3.166897283,0.4703467,-0.45838471,-5.05070273,0.3246713043478261,25.02490130128401,4.001634864229977,2.096085939473515,2.804921115461744,Americas,美洲,Americas,,0,0.3246713043478261,1993.0,1989.0,0.3318394308943089,0,0.3246713043478261,0,0,1,0,0.0,0.0,0.3246713043478261,0.0
CHL,Chile,1997,13,1997,0.000462652,-0.012047387,9.015208981,1.115509653,3.189416998,0.662495798,-0.584770928,-5.034053062,0.000457103,-0.012560136,8.782017639,1.24651789,3.241662837,0.662495798,-0.581773518,-5.075564291,0.3246713043478261,25.0874352129084,3.987515374043057,2.51239889409386,2.693671845115518,Americas,美洲,Americas,0.2992991304347826,1,0.2992991304347826,1997.0,1989.0,0.3318394308943089,0,0.3246713043478261,0,0,1,0,0.0,0.0,0.3246713043478261,0.0
CHL,Chile,1998,13,1998,0.000476233,-0.013534535,9.228666631,0.923964329,3.155103824,0.661136388,-0.584678439,-5.101922308,0.000462652,-0.012047387,9.015208981,1.115509653,3.189416998,0.662495798,-0.584770928,-5.034053062,0.2992991304347826,25.17460180468825,3.990821213111898,2.515826788432478,2.513551556366496,Americas,美洲,Americas,,0,0.2992991304347826,1997.0,1989.0,0.3318394308943089,0,0.3246713043478261,0,0,1,0,0.0,0.0,0.2992991304347826,0.0
CHL,Chile,1999,13,1999,0.000789087,-0.013722753,9.017875647,0.836070907,3.11306418,0.655397054,-0.582929465,-5.182242277,0.000476233,-0.013534535,9.228666631,0.923964329,3.155103824,0.661136388,-0.584678439,-5.101922308,0.2992991304347826,25.12986325610773,3.985945704275924,2.431561741106035,2.333833973270748,Americas,美洲,Americas,,0,0.2992991304347826,1997.0,1989.0,0.3318394308943089,0,0.2992991304347826,0,0,1,0,0.0,0.0,0.2992991304347826,0.0
CHL,Chile,2000,13,2000,0.000893512,-0.013368524,9.134842527,0.946316399,3.100537506,0.656659347,-0.636067737,-5.151369997,0.000789087,-0.013722753,9.017875647,0.836070907,3.11306418,0.655397054,-0.582929465,-5.182242277,0.2992991304347826,25.04844014566552,4.001783447197067,3.145310291980925,1.919914865409939,Americas,美洲,Americas,,0,0.2992991304347826,1997.0,1989.0,0.3318394308943089,0,0.2992991304347826,0,0,1,0,0.0,0.0,0.2992991304347826,0.0
CHL,Chile,2001,13,2001,0.000438708,-0.013065991,9.481337535,1.068047207,3.089570719,0.65109849,-0.579496556,-5.093524198,0.000893512,-0.013368524,9.134842527,0.946316399,3.100537506,0.656659347,-0.636067737,-5.151369997,0.2992991304347826,25.08432098316938,4.072642825249011,2.524737234343892,2.055982638524408,Americas,美洲,Americas,0.3088170731707317,1,0.3088170731707317,2001.0,1989.0,0.3318394308943089,0,0.2992991304347826,0,0,1,0,0.0,0.0,0.2992991304347826,0.0
CHL,Chile,2002,13,2002,0.000404801,-0.013554663,9.390502768,1.168337225,3.110073828,0.649470144,-0.541460045,-5.157930924,0.000438708,-0.013065991,9.481337535,1.068047207,3.089570719,0.65109849,-0.579496556,-5.093524198,0.3088170731707317,24.99400804924333,4.12946661439182,2.469786651757806,1.984532592873682,Americas,美洲,Americas,,0,0.3088170731707317,2001.0,1989.0,0.3318394308943089,0,0.2992991304347826,0,0,1,0,0.0,0.0,0.3088170731707317,0.0
CHL,Chile,2003,13,2003,0.000588882,-0.013729698,9.436952633,1.255376536,3.112650723,0.649206817,-0.53373844,-5.129614288,0.000404801,-0.013554663,9.390502768,1.168337225,3.110073828,0.649470144,-0.541460045,-5.157930924,0.3088170731707317,24.97552606737061,4.134908153785259,2.000584021784677,1.643286510862084,Americas,美洲,Americas,,0,0.3088170731707317,2001.0,1989.0,0.3318394308943089,0,0.3088170731707317,0,0,1,0,0.0,0.0,0.3088170731707317,0.0
CHL,Chile,2004,13,2004,0.000517734,-0.01211494,9.7334108,1.60265624,3.077678811,0.655352069,-0.485246625,-4.907025695,0.000588882,-0.013729698,9.436952633,1.255376536,3.112650723,0.649206817,-0.53373844,-5.129614288,0.3088170731707317,25.06045957495742,4.18499876204066,2.221627929394694,1.756646880064078,Americas,美洲,Americas,,0,0.3088170731707317,2001.0,1989.0,0.3318394308943089,0,0.3088170731707317,0,0,1,0,0.0,0.0,0.3088170731707317,0.0
CHL,Chile,2005,13,2005,0.000200748,-0.009543124,9.873477316,1.757092262,3.096004304,0.653711771,-0.47221318,-4.741847207,0.000517734,-0.01211494,9.7334108,1.60265624,3.077678811,0.655352069,-0.485246625,-4.907025695,0.3088170731707317,25.31915292574548,4.246913420961866,2.31538980691482,0.919554946838122,Americas,美洲,Americas,0.3408342857142857,1,0.3408342857142857,2005.0,1989.0,0.3318394308943089,0,0.3088170731707317,0,0,1,0,0.0,0.0,0.3088170731707317,0.0
CHL,Chile,2006,13,2006,0.000167555,-0.009408854,9.816044473,1.938418974,3.120378242,0.394408038,-0.421764071,-4.639281622,0.000200748,-0.009543124,9.873477316,1.757092262,3.096004304,0.653711771,-0.47221318,-4.741847207,0.3408342857142857,25.52969500574783,4.277534273144924,2.292377167599848,1.834942686318823,Americas,美洲,Americas,,0,0.3408342857142857,2005.0,1989.0,0.3318394308943089,0,0.3088170731707317,0,0,1,0,0.0,0.0,0.3408342857142857,0.0
CHL,Chile,2007,13,2007,0.000121687,-0.009785723,9.869323591,1.891674736,3.096965872,0.382022124,-0.416434142,-4.587504743,0.000167555,-0.009408854,9.816044473,1.938418974,3.120378242,0.394408038,-0.421764071,-4.639281622,0.3408342857142857,25.75920180699082,4.300160657085853,1.846843085377511,1.93562440196835,Americas,美洲,Americas,,0,0.3408342857142857,2005.0,1989.0,0.3318394308943089,0,0.3408342857142857,0,0,1,0,0.0,0.0,0.3408342857142857,0.0
CHL,Chile,2008,13,2008,0.000882523,-0.008603184,9.591709854,1.850342171,3.066411724,0.650563847,-0.535699714,-4.557790731,0.000121687,-0.009785723,9.869323591,1.891674736,3.096965872,0.382022124,-0.416434142,-4.587504743,0.3408342857142857,25.87361133894259,4.343506996992957,2.510267848868144,2.18914881364293,Americas,美洲,Americas,,0,0.3408342857142857,2005.0,1989.0,0.3318394308943089,0,0.3408342857142857,0,0,1,0,0.0,0.0,0.3408342857142857,0.0
CHL,Chile,2009,13,2009,0.000733572,-0.009215598,9.367313078,1.733782313,3.078316614,0.649851419,-0.63825185,-4.627661531,0.000882523,-0.008603184,9.591709854,1.850342171,3.066411724,0.650563847,-0.535699714,-4.557790731,0.3408342857142857,25.91563693006628,4.390448895660445,3.04270784557803,2.861612932400026,Americas,美洲,Americas,0.08867248908296943,1,0.08867248908296943,2009.0,1989.0,0.3318394308943089,0,0.3408342857142857,0,0,1,0,0.0,0.0,0.3408342857142857,0.0
CHL,Chile,2010,13,2010,0.00084765,-0.0065078,9.308217918,1.75032804,3.000208137,0.59082271,-0.508057057,-4.511479681,0.000733572,-0.009215598,9.367313078,1.733782313,3.078316614,0.649851419,-0.63825185,-4.627661531,0.08867248908296943,25.86946820390286,4.199995500150424,2.702178611366189,0.3460944049408554,Americas,美洲,Americas,,0,0.08867248908296943,2009.0,1989.0,0.3318394308943089,0,0.3408342857142857,0,0,1,0,0.0,0.0,0.08867248908296943,0.0
CHL,Chile,2011,13,2011,0.000781757,-0.006133994,9.361053409,1.688494053,2.992323348,0.620122918,-0.536895292,-4.468073619,0.00084765,-0.0065078,9.308217918,1.75032804,3.000208137,0.59082271,-0.508057057,-4.511479681,0.08867248908296943,26.10339914992061,4.24445394610273,2.621445392123522,1.144192004617425,Americas,美洲,Americas,,0,0.08867248908296943,2009.0,1989.0,0.3318394308943089,0,0.08867248908296943,0,0,1,0,0.0,0.0,0.08867248908296943,0.0
CHL,Chile,2012,13,2012,0.000381,-0.005947012,9.191756521,1.612909021,2.971064424,0.643888483,-0.56952293,-4.470711411,0.000781757,-0.006133994,9.361053409,1.688494053,2.992323348,0.620122918,-0.536895292,-4.468073619,0.08867248908296943,26.25024181444658,4.283333327147473,3.045812332849402,1.92115935627356,Americas,美洲,Americas,,0,0.08867248908296943,2009.0,1989.0,0.3318394308943089,0,0.08867248908296943,0,0,1,0,0.0,0.0,0.08867248908296943,0.0
CHL,Chile,2013,13,2013,0.00079425,-0.005390074,8.925010327,1.452438445,2.969417038,0.606648674,-0.540328127,-4.506738338,0.000381,-0.005947012,9.191756521,1.612909021,2.971064424,0.643888483,-0.56952293,-4.470711411,0.08867248908296943,26.31060730934214,4.221801291884248,3.172262035570291,1.820799222909612,Americas,美洲,Americas,0.4042380952380952,1,0.4042380952380952,2013.0,1989.0,0.3318394308943089,0,0.08867248908296943,0,0,1,0,0.0,0.0,0.08867248908296943,0.0
CHL,Chile,2014,13,2014,0.001089874,-0.004910423,8.694501998,1.318243797,2.937271097,0.5917552,-0.506526262,-4.586970804,0.00079425,-0.005390074,8.925010327,1.452438445,2.969417038,0.606648674,-0.540328127,-4.506738338,0.4042380952380952,26.34870838807766,4.176589273741405,2.727415871647782,1.34535718869891,Americas,美洲,Americas,,0,0.4042380952380952,2013.0,1989.0,0.3318394308943089,0,0.08867248908296943,0,0,1,0,0.0,0.0,0.4042380952380952,0.0
CHL,Chile,2015,13,2015,0.00140443,-0.007878585,8.658872468,1.033904022,2.987191977,0.637698732,-0.606366676,-4.785340458,0.001089874,-0.004910423,8.694501998,1.318243797,2.937271097,0.5917552,-0.506526262,-4.586970804,0.4042380952380952,26.28225749547159,4.184103424388611,2.981669632878186,2.255718696540109,Americas,美洲,Americas,,0,0.4042380952380952,2013.0,1989.0,0.3318394308943089,0,0.4042380952380952,0,0,1,0,0.0,0.0,0.4042380952380952,0.0
CHL,Chile,2016,13,2016,0.001132264,-0.006994815,8.835644421,0.987948853,2.988919556,0.644049531,-0.596729306,-4.832089732,0.00140443,-0.007878585,8.658872468,1.033904022,2.987191977,0.637698732,-0.606366676,-4.785340458,0.4042380952380952,26.21406280814315,4.083437133201673,2.68944658802914,2.17600559770449,Americas,美洲,Americas,,0,0.4042380952380952,2013.0,1989.0,0.3318394308943089,0,0.4042380952380952,0,0,1,0,0.0,0.0,0.4042380952380952,0.0
CHL,Chile,2017,13,2017,0.00111706,-0.007035404,8.902810175,0.943378806,2.959416646,0.633562774,-0.595633345,-4.821664766,0.001132264,-0.006994815,8.835644421,0.987948853,2.988919556,0.644049531,-0.596729306,-4.832089732,0.4042380952380952,26.24210277088577,4.026384391026818,2.22165474895613,2.041508575430472,Americas,美洲,Americas,0.159058064516129,1,0.159058064516129,2017.0,1989.0,0.3318394308943089,0,0.4042380952380952,0,0,1,0,0.0,0.0,0.4042380952380952,0.0
CHL,Chile,2018,13,2018,0.000984198,-0.006202043,8.980950266,1.031994202,2.929996624,0.630758612,-0.554736942,-4.758362042,0.00111706,-0.007035404,8.902810175,0.943378806,2.959416646,0.633562774,-0.595633345,-4.821664766,0.159058064516129,26.34422545950487,4.025818706087406,1.39635322239484,1.522485978036597,Americas,美洲,Americas,,0,0.159058064516129,2017.0,1989.0,0.3318394308943089,0,0.4042380952380952,0,0,1,0,0.0,0.0,0.159058064516129,0.0
CHL,Chile,2019,13,2019,0.001231939,-0.005851398,8.796849216,0.994141727,2.894319845,0.577686601,-0.527864247,-4.786198539,0.000984198,-0.006202043,8.980950266,1.031994202,2.929996624,0.630758612,-0.554736942,-4.758362042,0.159058064516129,26.41314396934456,4.063490957960097,1.713694450310144,1.622774582550313,Americas,美洲,Americas,,0,0.159058064516129,2017.0,1989.0,0.3318394308943089,0,0.159058064516129,0,0,1,0,0.0,0.0,0.159058064516129,0.0
COL,Colombia,1996,18,1996,0.000894754,-0.008063217,7.79901114,0.451283886,2.788949177,0.57118625,-0.588399815,-5.256791428,0.000339395,-0.008480587,8.085743937,0.479467551,2.790046638,0.47769121,-0.515919792,-5.298416972,0.56,25.25055317440127,3.569454674219871,0.9140836188502646,3.733075873395907,Americas,美洲,Americas,,0,0.56,1994.0,1991.0,0.518,0,0.56,0,0,1,0,0.0,0.0,0.56,0.0
COL,Colombia,1997,18,1997,0.000865718,-0.007470513,7.967301409,0.496261543,2.814510936,0.568323913,-0.590575508,-5.203524048,0.000894754,-0.008063217,7.79901114,0.451283886,2.788949177,0.57118625,-0.588399815,-5.256791428,0.56,25.29962606579989,3.584743388131775,1.880647073697446,3.728561080499786,Americas,美洲,Americas,,0,0.56,1994.0,1991.0,0.518,0,0.56,0,0,1,0,0.0,0.0,0.56,0.0
COL,Colombia,1998,18,1998,0.000748948,-0.010085683,8.095564313,0.394547544,2.902577739,0.575964531,-0.597296389,-5.356537332,0.000865718,-0.007470513,7.967301409,0.496261543,2.814510936,0.568323913,-0.590575508,-5.203524048,0.56,25.39290743186312,3.572263277406886,2.353740903204651,3.610028179337876,Americas,美洲,Americas,0.3273736263736264,1,0.3273736263736264,1998.0,1991.0,0.518,0,0.56,0,0,1,0,0.0,0.0,0.56,0.0
COL,Colombia,1999,18,1999,0.00071223,-0.009574892,7.713381272,0.310895025,2.729885236,0.547552888,-0.600899695,-5.42892253,0.000748948,-0.010085683,8.095564313,0.394547544,2.902577739,0.575964531,-0.597296389,-5.356537332,0.3273736263736264,25.31275105383583,3.580985817632717,1.777681145118714,3.621154839299182,Americas,美洲,Americas,,0,0.3273736263736264,1998.0,1991.0,0.518,0,0.56,0,0,1,0,0.0,0.0,0.3273736263736264,0.0
COL,Colombia,2000,18,2000,0.000606713,-0.011217251,7.63958107,0.24938398,2.782864833,0.558162317,-0.659653159,-5.552876768,0.00071223,-0.009574892,7.713381272,0.310895025,2.729885236,0.547552888,-0.600899695,-5.42892253,0.3273736263736264,25.17977542962052,3.587657012422077,1.325695896148626,3.081600743915974,Americas,美洲,Americas,,0,0.3273736263736264,1998.0,1991.0,0.518,0,0.3273736263736264,0,0,1,0,0.0,0.0,0.3273736263736264,0.0
COL,Colombia,2001,18,2001,0.000229641,-0.012102855,8.031136449,0.295065281,2.89152086,0.575654296,-0.615757561,-5.57587777,0.000606713,-0.011217251,7.63958107,0.24938398,2.782864833,0.558162317,-0.659653159,-5.552876768,0.3273736263736264,25.32718599148091,3.486368010409261,1.624527432799205,2.918026731191703,Americas,美洲,Americas,,0,0.3273736263736264,1998.0,1991.0,0.518,0,0.3273736263736264,0,0,1,0,0.0,0.0,0.3273736263736264,0.0
COL,Colombia,2002,18,2002,0.000961635,-0.013147664,7.875016148,0.303104869,2.953848021,0.581259666,-0.579337669,-5.674349311,0.000229641,-0.012102855,8.031136449,0.295065281,2.89152086,0.575654296,-0.615757561,-5.57587777,0.3273736263736264,25.31027858185159,3.523447810159665,1.67961389012999,2.772191557992511,Americas,美洲,Americas,0.2881865284974093,1,0.2881865284974093,2002.0,1991.0,0.518,0,0.3273736263736264,0,0,1,0,0.0,0.0,0.3273736263736264,0.0
COL,Colombia,2003,18,2003,0.000813314,-0.013042482,8.017144934,0.306764964,2.910342837,0.576676619,-0.58046159,-5.692747584,0.000961635,-0.013147664,7.875016148,0.303104869,2.953848021,0.581259666,-0.579337669,-5.674349311,0.2881865284974093,25.30768023211172,3.495981338624111,1.520705631443101,2.547979578635362,Americas,美洲,Americas,,0,0.2881865284974093,2002.0,1991.0,0.518,0,0.3273736263736264,0,0,1,0,0.0,0.0,0.2881865284974093,0.0
COL,Colombia,2004,18,2004,0.000417816,-0.013649257,8.06334994,0.28191177,2.934549346,0.584799676,-0.551642353,-5.740584124,0.000813314,-0.013042482,8.017144934,0.306764964,2.910342837,0.576676619,-0.58046159,-5.692747584,0.2881865284974093,25.27339856112466,3.597755546356489,1.359071609523695,2.662310860299326,Americas,美洲,Americas,,0,0.2881865284974093,2002.0,1991.0,0.518,0,0.2881865284974093,0,0,1,0,0.0,0.0,0.2881865284974093,0.0
COL,Colombia,2005,18,2005,0.000147578,-0.012842635,8.142992425,0.294404722,2.933516959,0.581394057,-0.55066279,-5.627052016,0.000417816,-0.013649257,8.06334994,0.28191177,2.934549346,0.584799676,-0.551642353,-5.740584124,0.2881865284974093,25.48622934598465,3.579718027855285,1.705361796410374,2.475876781378859,Americas,美洲,Americas,,0,0.2881865284974093,2002.0,1991.0,0.518,0,0.2881865284974093,0,0,1,0,0.0,0.0,0.2881865284974093,0.0
COL,Colombia,2006,18,2006,-8.34e-05,-0.013361341,8.116688862,0.319676764,2.975282811,0.414918515,-0.583788534,-5.63785935,0.000147578,-0.012842635,8.142992425,0.294404722,2.933516959,0.581394057,-0.55066279,-5.627052016,0.2881865284974093,25.70413261010487,3.622277405232169,2.648325507477211,2.322395340108453,Americas,美洲,Americas,0.3270419287211739,1,0.3270419287211739,2006.0,1991.0,0.518,0,0.2881865284974093,0,0,1,0,0.0,0.0,0.2881865284974093,0.0
COL,Colombia,2007,18,2007,0.000154788,-0.013624895,8.293285393,0.349811094,2.976702593,0.410597914,-0.596680874,-5.626650615,-8.34e-05,-0.013361341,8.116688862,0.319676764,2.975282811,0.414918515,-0.583788534,-5.63785935,0.3270419287211739,25.80958332334865,3.679872915754376,2.135695750835491,2.163526047332823,Americas,美洲,Americas,,0,0.3270419287211739,2006.0,1991.0,0.518,0,0.2881865284974093,0,0,1,0,0.0,0.0,0.3270419287211739,0.0
COL,Colombia,2008,18,2008,0.000554522,-0.011080556,8.293587218,0.461081891,2.899871123,0.622681189,-0.615069515,-5.420458108,0.000154788,-0.013624895,8.293285393,0.349811094,2.976702593,0.410597914,-0.596680874,-5.626650615,0.3270419287211739,26.05225566173221,3.613587241362623,2.166980298964162,2.413968076212858,Americas,美洲,Americas,,0,0.3270419287211739,2006.0,1991.0,0.518,0,0.3270419287211739,0,0,1,0,0.0,0.0,0.3270419287211739,0.0
COL,Colombia,2009,18,2009,-2.08e-05,-0.010867058,8.22134346,0.540098971,2.997234981,0.629120489,-0.533225173,-5.374432829,0.000554522,-0.011080556,8.293587218,0.461081891,2.899871123,0.622681189,-0.615069515,-5.420458108,0.3270419287211739,26.21428466252978,3.667851136084777,2.177686059540777,2.643680131159658,Americas,美洲,Americas,,0,0.3270419287211739,2006.0,1991.0,0.518,0,0.3270419287211739,0,0,1,0,0.0,0.0,0.3270419287211739,0.0
COL,Colombia,2010,18,2010,0.000149153,-0.010474699,8.100521025,0.540133665,2.906183464,0.642558097,-0.699208863,-5.31176032,-2.08e-05,-0.010867058,8.22134346,0.540098971,2.997234981,0.629120489,-0.533225173,-5.374432829,0.3270419287211739,26.17202127056554,3.559798956044975,1.953637194975716,2.142694642068416,Americas,美洲,Americas,0.3647402452619843,1,0.3647402452619843,2010.0,1991.0,0.518,0,0.3270419287211739,0,0,1,0,0.0,0.0,0.3270419287211739,0.0
COL,Colombia,2011,18,2011,0.000445011,-0.008399364,8.275893463,0.672530606,2.854394041,0.641437842,-0.590762676,-5.109260708,0.000149153,-0.010474699,8.100521025,0.540133665,2.906183464,0.642558097,-0.699208863,-5.31176032,0.3647402452619843,26.38099925649113,3.53411284372946,1.547855149668569,1.559057622174056,Americas,美洲,Americas,,0,0.3647402452619843,2010.0,1991.0,0.518,0,0.3270419287211739,0,0,1,0,0.0,0.0,0.3647402452619843,0.0
COL,Colombia,2012,18,2012,0.000647455,-0.007040314,8.214993368,0.733945067,2.819441613,0.605382516,-0.59800355,-4.983507211,0.000445011,-0.008399364,8.275893463,0.672530606,2.854394041,0.641437842,-0.590762676,-5.109260708,0.3647402452619843,26.53729527352686,3.675551620667006,2.181352554083905,1.94211260129101,Americas,美洲,Americas,,0,0.3647402452619843,2010.0,1991.0,0.518,0,0.3647402452619843,0,0,1,0,0.0,0.0,0.3647402452619843,0.0
COL,Colombia,2013,18,2013,0.000732556,-0.008294231,7.887327533,0.655224866,2.863146507,0.653737805,-0.760684055,-5.022768252,0.000647455,-0.007040314,8.214993368,0.733945067,2.819441613,0.605382516,-0.59800355,-4.983507211,0.3647402452619843,26.63863505423077,3.659325790589916,2.108512275278961,1.870666869982292,Americas,美洲,Americas,,0,0.3647402452619843,2010.0,1991.0,0.518,0,0.3647402452619843,0,0,1,0,0.0,0.0,0.3647402452619843,0.0
COL,Colombia,2014,18,2014,0.0012157,-0.007804176,7.673607591,0.646632288,2.815865241,0.654079808,-0.757721848,-4.955247514,0.000732556,-0.008294231,7.887327533,0.655224866,2.863146507,0.653737805,-0.760684055,-5.022768252,0.3647402452619843,26.66893169578476,3.637234750564305,2.151914576841471,1.451208913972726,Americas,美洲,Americas,0.3975299860529986,1,0.3975299860529986,2014.0,1991.0,0.518,0,0.3647402452619843,0,0,1,0,0.0,0.0,0.3647402452619843,0.0
COL,Colombia,2015,18,2015,0.001530331,-0.011053521,7.615348419,0.464811936,2.935768856,0.650661275,-0.65612051,-5.211377392,0.0012157,-0.007804176,7.673607591,0.646632288,2.815865241,0.654079808,-0.757721848,-4.955247514,0.3975299860529986,26.6666972024102,3.624006627532134,2.151581399602262,1.785961290891819,Americas,美洲,Americas,,0,0.3975299860529986,2014.0,1991.0,0.518,0,0.3647402452619843,0,0,1,0,0.0,0.0,0.3975299860529986,0.0
COL,Colombia,2016,18,2016,0.001330141,-0.012201205,7.783900557,0.457032423,2.983764609,0.645064696,-0.720400408,-5.319308139,0.001530331,-0.011053521,7.615348419,0.464811936,2.935768856,0.650661275,-0.65612051,-5.211377392,0.3975299860529986,26.40511747994196,3.647035169484344,2.084817919689316,2.310442114935598,Americas,美洲,Americas,,0,0.3975299860529986,2014.0,1991.0,0.518,0,0.3975299860529986,0,0,1,0,0.0,0.0,0.3975299860529986,0.0
COL,Colombia,2017,18,2017,0.001178309,-0.013069311,7.961139425,0.415732997,3.025550736,0.656742063,-0.810036236,-5.376060337,0.001330141,-0.012201205,7.783900557,0.457032423,2.983764609,0.645064696,-0.720400408,-5.319308139,0.3975299860529986,26.36772320023699,3.589132403002784,2.292964778997821,2.714242694768541,Americas,美洲,Americas,,0,0.3975299860529986,2014.0,1991.0,0.518,0,0.3975299860529986,0,0,1,0,0.0,0.0,0.3975299860529986,0.0
COL,Colombia,2018,18,2018,0.000928813,-0.013870993,8.023322181,0.480959369,3.02679342,0.659900827,-0.812964078,-5.36319984,0.001178309,-0.013069311,7.961139425,0.415732997,3.025550736,0.656742063,-0.810036236,-5.376060337,0.3975299860529986,26.46584225151166,3.563398850811058,2.185909706466762,2.168253801311903,Americas,美洲,Americas,0.3426796116504854,1,0.3426796116504854,2018.0,1991.0,0.518,0,0.3975299860529986,0,0,1,0,0.0,0.0,0.3975299860529986,0.0
COL,Colombia,2019,18,2019,0.001011146,-0.01292773,7.928016772,0.465704756,2.979675616,0.659155263,-0.841678908,-5.313989942,0.000928813,-0.013870993,8.023322181,0.480959369,3.02679342,0.659900827,-0.812964078,-5.36319984,0.3426796116504854,26.53500012125111,3.598263939020682,1.93245769360307,1.891895026550773,Americas,美洲,Americas,,0,0.3426796116504854,2018.0,1991.0,0.518,0,0.3975299860529986,0,0,1,0,0.0,0.0,0.3426796116504854,0.0
CRI,Costa Rica,1996,19,1996,-6e-06,-0.015436258,6.773985503,0.043317407,2.328776393,0.485188604,-0.626131637,-6.199738205,8.02e-06,-0.015655676,6.806729912,0.031717446,2.276737966,0.398610239,-0.561780369,-6.272169947,0.379,23.17242390792861,4.379202331944791,1.78949097514312,3.837182005699602,Americas,美洲,Americas,,0,0.379,1994.0,1990.0,0.534,0,0.379,0,0,1,0,0.0,0.0,0.379,0.0
CRI,Costa Rica,1997,19,1997,-4.32e-05,-0.014694897,7.085536801,0.049096528,2.329214147,0.477508254,-0.625313804,-6.064832977,-6e-06,-0.015436258,6.773985503,0.043317407,2.328776393,0.485188604,-0.626131637,-6.199738205,0.379,23.18100891717,4.431497091274135,2.007686768925177,3.556816538913695,Americas,美洲,Americas,,0,0.379,1994.0,1990.0,0.534,0,0.379,0,0,1,0,0.0,0.0,0.379,0.0
CRI,Costa Rica,1998,19,1998,9.63e-05,-0.013744489,7.410311372,0.058258275,2.357749835,0.494410468,-0.619821047,-5.948213505,-4.32e-05,-0.014694897,7.085536801,0.049096528,2.329214147,0.477508254,-0.625313804,-6.064832977,0.379,23.25812089909767,4.472931649811482,1.893425125388842,3.278418486394635,Americas,美洲,Americas,0.534,1,0.534,1998.0,1990.0,0.534,0,0.379,0,0,1,0,0.0,0.0,0.379,0.0
CRI,Costa Rica,1999,19,1999,-8.47e-05,-0.014911553,7.228333333,0.048853162,2.445509972,0.50836472,-0.622087927,-6.042287636,9.63e-05,-0.013744489,7.410311372,0.058258275,2.357749835,0.494410468,-0.619821047,-5.948213505,0.534,23.33951180796289,4.522201765985805,2.207298274238996,3.151085309948061,Americas,美洲,Americas,,0,0.534,1998.0,1990.0,0.534,0,0.379,0,0,1,0,0.0,0.0,0.534,0.0
CRI,Costa Rica,2000,19,2000,-2.27e-05,-0.015582064,7.213730891,0.040772328,2.388146362,0.499063552,-0.677310111,-6.100722872,-8.47e-05,-0.014911553,7.228333333,0.048853162,2.445509972,0.50836472,-0.622087927,-6.042287636,0.534,23.38036417902532,4.472079996221984,2.175309485505055,3.002718580407604,Americas,美洲,Americas,,0,0.534,1998.0,1990.0,0.534,0,0.534,0,0,1,0,0.0,0.0,0.534,0.0
CRI,Costa Rica,2001,19,2001,8.64e-06,-0.0159828,7.430660186,0.04150973,2.458744415,0.514803695,-0.634611078,-6.141657403,-2.27e-05,-0.015582064,7.213730891,0.040772328,2.388146362,0.499063552,-0.677310111,-6.100722872,0.534,23.4322242696079,4.460432505534545,2.276200315148253,3.089615016600433,Americas,美洲,Americas,,0,0.534,1998.0,1990.0,0.534,0,0.534,0,0,1,0,0.0,0.0,0.534,0.0
CRI,Costa Rica,2002,19,2002,-6.95e-05,-0.016177798,7.474843572,0.04328587,2.482562895,0.510867162,-0.598123057,-6.174138166,8.64e-06,-0.0159828,7.430660186,0.04150973,2.458744415,0.514803695,-0.634611078,-6.141657403,0.534,23.49436434542978,4.392629706877097,2.068263977819082,3.115981881267433,Americas,美洲,Americas,0.47,1,0.47,2002.0,1990.0,0.534,0,0.534,0,0,1,0,0.0,0.0,0.534,0.0
CRI,Costa Rica,2003,19,2003,-0.000134266,-0.016605875,7.457583255,0.041229944,2.520921635,0.52224622,-0.603338348,-6.246153979,-6.95e-05,-0.016177798,7.474843572,0.04328587,2.482562895,0.510867162,-0.598123057,-6.174138166,0.47,23.5313918554922,4.387187598161434,2.178971413336744,2.911775502722513,Americas,美洲,Americas,,0,0.47,2002.0,1990.0,0.534,0,0.534,0,0,1,0,0.0,0.0,0.47,0.0
CRI,Costa Rica,2004,19,2004,-9.71e-05,-0.017711194,7.435868088,0.035060731,2.602860697,0.524731162,-0.579984155,-6.406998779,-0.000134266,-0.016605875,7.457583255,0.041229944,2.520921635,0.52224622,-0.603338348,-6.246153979,0.47,23.57233866409175,4.422781117342033,2.205770731465428,2.941695114185401,Americas,美洲,Americas,,0,0.47,2002.0,1990.0,0.534,0,0.47,0,0,1,0,0.0,0.0,0.47,0.0
CRI,Costa Rica,2005,19,2005,-6.66e-05,-0.018186521,7.346441585,0.037431267,2.7599701,0.562914564,-0.589455716,-6.414598636,-9.71e-05,-0.017711194,7.435868088,0.035060731,2.602860697,0.524731162,-0.579984155,-6.406998779,0.47,23.64699687088385,4.445664092122978,2.462276995048788,3.20559461182314,Americas,美洲,Americas,,0,0.47,2002.0,1990.0,0.534,0,0.47,0,0,1,0,0.0,0.0,0.47,0.0
CRI,Costa Rica,2006,19,2006,2.67e-05,-0.017673092,7.340171752,0.041344922,2.692430421,0.411819416,-0.626530337,-6.355133032,-6.66e-05,-0.018186521,7.346441585,0.037431267,2.7599701,0.562914564,-0.589455716,-6.414598636,0.47,23.7210281723788,4.491135086823572,2.729298569911159,3.319002703065863,Americas,美洲,Americas,0.324,1,0.324,2006.0,1990.0,0.534,0,0.47,0,0,1,0,0.0,0.0,0.47,0.0
CRI,Costa Rica,2007,19,2007,-0.000131611,-0.01835753,7.344192938,0.032227871,2.707675432,0.416132638,-0.647827594,-6.458788251,2.67e-05,-0.017673092,7.340171752,0.041344922,2.692430421,0.411819416,-0.626530337,-6.355133032,0.324,23.84631512298925,4.497747040278404,2.767565089210367,3.134828813330766,Americas,美洲,Americas,,0,0.324,2006.0,1990.0,0.534,0,0.47,0,0,1,0,0.0,0.0,0.324,0.0
CRI,Costa Rica,2008,19,2008,-0.000134141,-0.017608027,7.181418444,0.033780512,2.638622658,0.58051439,-0.670985909,-6.382355378,-0.000131611,-0.01835753,7.344192938,0.032227871,2.707675432,0.416132638,-0.647827594,-6.458788251,0.324,24.01482321489073,4.459642505851999,2.817478931942459,2.932141141272394,Americas,美洲,Americas,,0,0.324,2006.0,1990.0,0.534,0,0.324,0,0,1,0,0.0,0.0,0.324,0.0
CRI,Costa Rica,2009,19,2009,-7.38e-05,-0.017473634,7.140707283,0.035470308,2.618523491,0.570457491,-0.593548528,-6.375551211,-0.000134141,-0.017608027,7.181418444,0.033780512,2.638622658,0.58051439,-0.670985909,-6.382355378,0.324,24.15083720390585,4.459005183889675,2.765122315519582,3.291610205979723,Americas,美洲,Americas,,0,0.324,2006.0,1990.0,0.534,0,0.324,0,0,1,0,0.0,0.0,0.324,0.0
CRI,Costa Rica,2010,19,2010,-8.18e-06,-0.017679713,6.983687038,0.035026166,2.598973022,0.588441147,-0.752405706,-6.371698261,-7.38e-05,-0.017473634,7.140707283,0.035470308,2.618523491,0.570457491,-0.593548528,-6.375551211,0.324,24.14901644953915,4.245050999236863,2.360607202114614,2.7567705122145,Americas,美洲,Americas,0.324,1,0.324,2010.0,1990.0,0.534,0,0.324,0,0,1,0,0.0,0.0,0.324,0.0
CRI,Costa Rica,2011,19,2011,1.4e-05,-0.018425255,6.928080674,0.031379168,2.652163591,0.589964354,-0.665102226,-6.461408658,-8.18e-06,-0.017679713,6.983687038,0.035026166,2.598973022,0.588441147,-0.752405706,-6.371698261,0.324,24.35182763490742,4.212306688272057,2.324857296159335,2.434764668906378,Americas,美洲,Americas,,0,0.324,2010.0,1990.0,0.534,0,0.324,0,0,1,0,0.0,0.0,0.324,0.0
CRI,Costa Rica,2012,19,2012,4.97e-05,-0.017802757,6.808553819,0.032933271,2.630234904,0.554286228,-0.697207987,-6.36163124,1.4e-05,-0.018425255,6.928080674,0.031379168,2.652163591,0.589964354,-0.665102226,-6.461408658,0.324,24.47893004609404,4.228863020769673,2.554215338918222,2.288226784854927,Americas,美洲,Americas,,0,0.324,2010.0,1990.0,0.534,0,0.324,0,0,1,0,0.0,0.0,0.324,0.0
CRI,Costa Rica,2013,19,2013,7.44e-05,-0.018410055,6.606554497,0.030488369,2.705489948,0.613316889,-0.830268738,-6.412490906,4.97e-05,-0.017802757,6.808553819,0.032933271,2.630234904,0.554286228,-0.697207987,-6.36163124,0.324,24.57833017066863,4.205416824182369,2.442716264403437,2.208360881804538,Americas,美洲,Americas,,0,0.324,2010.0,1990.0,0.534,0,0.324,0,0,1,0,0.0,0.0,0.324,0.0
CRI,Costa Rica,2014,19,2014,0.000290992,-0.01859905,6.44282897,0.03151288,2.742588195,0.618991542,-0.825848704,-6.401207593,7.44e-05,-0.018410055,6.606554497,0.030488369,2.705489948,0.613316889,-0.830268738,-6.412490906,0.324,24.6541040969212,4.159920210793667,2.538568584367961,2.356826338747338,Americas,美洲,Americas,0.608,1,0.608,2014.0,1990.0,0.534,0,0.324,0,0,1,0,0.0,0.0,0.324,0.0
CRI,Costa Rica,2015,19,2015,0.000280299,-0.018800809,6.545086162,0.034776699,2.831819175,0.629960466,-0.71176901,-6.376962336,0.000290992,-0.01859905,6.44282897,0.03151288,2.742588195,0.618991542,-0.825848704,-6.401207593,0.608,24.67482506064059,4.177325135573427,2.529368617611784,2.213504541241631,Americas,美洲,Americas,,0,0.608,2014.0,1990.0,0.534,0,0.324,0,0,1,0,0.0,0.0,0.608,0.0
CRI,Costa Rica,2016,19,2016,0.000333107,-0.018281368,6.985183976,0.043817133,2.860748348,0.635560758,-0.770923483,-6.281637185,0.000280299,-0.018800809,6.545086162,0.034776699,2.831819175,0.629960466,-0.71176901,-6.376962336,0.608,24.75647799631647,4.106825713251142,2.357775648429226,0.7342151939378544,Americas,美洲,Americas,,0,0.608,2014.0,1990.0,0.534,0,0.608,0,0,1,0,0.0,0.0,0.608,0.0
CRI,Costa Rica,2017,19,2017,0.000315151,-0.018449065,7.25757254,0.041029728,2.861029688,0.638842193,-0.841678908,-6.311778357,0.000333107,-0.018281368,6.985183976,0.043817133,2.860748348,0.635560758,-0.770923483,-6.281637185,0.608,24.79820702552412,4.130008929851037,2.199092607191214,-0.01747796071857993,Americas,美洲,Americas,,0,0.608,2014.0,1990.0,0.534,0,0.608,0,0,1,0,0.0,0.0,0.608,0.0
CRI,Costa Rica,2018,19,2018,0.000242149,-0.018574696,7.272327183,0.043683455,2.88072275,0.640170549,-0.841678908,-6.313990408,0.000315151,-0.018449065,7.25757254,0.041029728,2.861029688,0.638842193,-0.841678908,-6.311778357,0.608,24.82617436775788,4.175493638319422,2.279205502389039,1.262634533534757,Americas,美洲,Americas,0.608,1,0.608,2018.0,1990.0,0.534,0,0.608,0,0,1,0,0.0,0.0,0.608,0.0
CRI,Costa Rica,2019,19,2019,0.000287567,-0.018703472,7.319646424,0.047773071,2.930242145,0.650553907,-0.841678908,-6.32412446,0.000242149,-0.018574696,7.272327183,0.043683455,2.88072275,0.640170549,-0.841678908,-6.313990408,0.608,24.85715421703351,4.203876495656092,2.278427901157297,1.53836320073239,Americas,美洲,Americas,,0,0.608,2018.0,1990.0,0.534,0,0.608,0,0,1,0,0.0,0.0,0.608,0.0
MEX,Mexico,1996,50,1996,0.001650023,0.051679748,8.181339662,3.816285904,1.644015621,0.23819938,0.508999335,-2.288472496,0.001111722,0.045814878,8.310958333,3.46865727,1.644015621,0.174801528,0.42819411,-2.555331556,0.111,26.66385139821565,3.776565913579391,1.649412711824365,4.248678449197318,Americas,美洲,Americas,,0,0.111,1994.0,1991.0,0.132,0,0.111,0,0,1,0,0.0,0.0,0.111,0.0
MEX,Mexico,1997,50,1997,0.002180865,0.054852096,8.388077392,4.005226223,1.644015621,0.241132899,0.499256209,-2.131766863,0.001650023,0.051679748,8.181339662,3.816285904,1.644015621,0.23819938,0.508999335,-2.288472496,0.111,26.79205697185267,3.866352265005467,1.498400363662234,4.230786614274561,Americas,美洲,Americas,0.111,1,0.111,1997.0,1991.0,0.132,0,0.111,0,0,1,0,0.0,0.0,0.111,0.0
MEX,Mexico,1998,50,1998,0.001894087,0.057487327,8.714482686,4.190557037,1.644015621,0.284690814,0.52207138,-2.060372109,0.002180865,0.054852096,8.388077392,4.005226223,1.644015621,0.241132899,0.499256209,-2.131766863,0.111,26.98370645470929,3.839277578437295,1.628881403534924,3.720268737962088,Americas,美洲,Americas,,0,0.111,1997.0,1991.0,0.132,0,0.111,0,0,1,0,0.0,0.0,0.111,0.0
MEX,Mexico,1999,50,1999,0.003232578,0.062171398,8.711487445,4.351666344,1.644015621,0.284912265,0.568379737,-1.920023404,0.001894087,0.057487327,8.714482686,4.190557037,1.644015621,0.284690814,0.52207138,-2.060372109,0.111,27.04665856678049,3.87186504330661,1.56563089320926,3.462234456004315,Americas,美洲,Americas,,0,0.111,1997.0,1991.0,0.132,0,0.111,0,0,1,0,0.0,0.0,0.111,0.0
MEX,Mexico,2000,50,2000,0.002002314,0.06410298,8.986753998,4.455609151,1.644015621,0.295782351,0.540882452,-1.827747808,0.003232578,0.062171398,8.711487445,4.351666344,1.644015621,0.284912265,0.568379737,-1.920023404,0.111,27.17096680320262,3.871456177852339,1.533165738532383,3.502590634001681,Americas,美洲,Americas,0.169,1,0.169,2000.0,1991.0,0.132,0,0.111,0,0,1,0,0.0,0.0,0.111,0.0
MEX,Mexico,2001,50,2001,0.000854278,0.059769911,9.406190263,4.493350062,1.644015621,0.344605891,0.631708372,-1.900864935,0.002002314,0.06410298,8.986753998,4.455609151,1.644015621,0.295782351,0.540882452,-1.827747808,0.169,27.3326977313465,3.910229581950209,1.63872704282459,2.94631385115966,Americas,美洲,Americas,,0,0.169,2000.0,1991.0,0.132,0,0.111,0,0,1,0,0.0,0.0,0.169,0.0
MEX,Mexico,2002,50,2002,0.000616534,0.058393979,9.405326963,4.557216501,1.644015621,0.361350666,0.740143177,-1.910625691,0.000854278,0.059769911,9.406190263,4.493350062,1.644015621,0.344605891,0.631708372,-1.900864935,0.169,27.40294616340476,3.800870392632938,2.038922240923762,2.550500762042842,Americas,美洲,Americas,,0,0.169,2000.0,1991.0,0.132,0,0.169,0,0,1,0,0.0,0.0,0.169,0.0
MEX,Mexico,2003,50,2003,0.001069062,0.053880253,9.250781152,4.494608313,1.644015621,0.389128609,0.770921453,-2.055788072,0.000616534,0.058393979,9.405326963,4.557216501,1.644015621,0.361350666,0.740143177,-1.910625691,0.169,27.4211221125836,3.811314524693587,1.642339053678253,2.318446730721788,Americas,美洲,Americas,0.154,1,0.154,2003.0,1991.0,0.132,0,0.169,0,0,1,0,0.0,0.0,0.169,0.0
MEX,Mexico,2004,50,2004,0.001182757,0.049693736,9.271684024,4.366149437,1.690041839,0.416608878,0.80029111,-2.203510489,0.001069062,0.053880253,9.250781152,4.494608313,1.644015621,0.389128609,0.770921453,-2.055788072,0.154,27.3638603245099,3.885687590233384,1.598568335048224,2.219471574011472,Americas,美洲,Americas,,0,0.154,2003.0,1991.0,0.132,0,0.169,0,0,1,0,0.0,0.0,0.154,0.0
MEX,Mexico,2005,50,2005,0.000985238,0.047969882,9.34216684,4.387887961,1.825495221,0.450272065,0.760894702,-2.229363489,0.001182757,0.049693736,9.271684024,4.366149437,1.690041839,0.416608878,0.80029111,-2.203510489,0.154,27.43191048084196,3.952024568130652,1.839798577120463,2.249424539725989,Americas,美洲,Americas,,0,0.154,2003.0,1991.0,0.132,0,0.154,0,0,1,0,0.0,0.0,0.154,0.0
MEX,Mexico,2006,50,2006,0.001159313,0.046484479,9.386109908,4.372386009,1.860513712,0.225003929,0.725556759,-2.259174018,0.000985238,0.047969882,9.34216684,4.387887961,1.825495221,0.450272065,0.760894702,-2.229363489,0.154,27.54499672828186,3.962005689725358,1.733609106383695,2.09181190249656,Americas,美洲,Americas,0.109,1,0.109,2006.0,1991.0,0.132,0,0.154,0,0,1,0,0.0,0.0,0.154,0.0
MEX,Mexico,2007,50,2007,0.000641464,0.042205538,9.403628167,4.29495157,1.967110978,0.239910236,0.681685548,-2.382901936,0.001159313,0.046484479,9.386109908,4.372386009,1.860513712,0.225003929,0.725556759,-2.259174018,0.109,27.65108357013543,3.997872502654801,1.516728014045132,2.000692772578373,Americas,美洲,Americas,,0,0.109,2006.0,1991.0,0.132,0,0.154,0,0,1,0,0.0,0.0,0.109,0.0
MEX,Mexico,2008,50,2008,0.00078379,0.039202728,9.256116515,4.237171511,2.010803042,0.505489203,0.659798115,-2.428659592,0.000641464,0.042205538,9.403628167,4.29495157,1.967110978,0.239910236,0.681685548,-2.382901936,0.109,27.72847041978562,4.012022616179091,1.757922906618467,2.086640745146991,Americas,美洲,Americas,,0,0.109,2006.0,1991.0,0.132,0,0.109,0,0,1,0,0.0,0.0,0.109,0.0
MEX,Mexico,2009,50,2009,0.001481438,0.040462742,8.966139294,4.34546265,1.994151145,0.500188692,0.887369705,-2.363170818,0.00078379,0.039202728,9.256116515,4.237171511,2.010803042,0.505489203,0.659798115,-2.428659592,0.109,27.78077941454203,4.031853399570786,1.670407016992239,2.336659456998974,Americas,美洲,Americas,0.109,1,0.109,2009.0,1991.0,0.132,0,0.109,0,0,1,0,0.0,0.0,0.109,0.0
MEX,Mexico,2010,50,2010,0.00072612,0.040664343,9.24524641,4.419041142,1.99017093,0.518277596,0.619376212,-2.293246177,0.001481438,0.040462742,8.966139294,4.34546265,1.994151145,0.500188692,0.887369705,-2.363170818,0.109,27.57279586677762,3.999882628296919,1.480200168782681,2.36914708206279,Americas,美洲,Americas,,0,0.109,2009.0,1991.0,0.132,0,0.109,0,0,1,0,0.0,0.0,0.109,0.0
MEX,Mexico,2011,50,2011,0.001132688,0.037985741,9.246533076,4.335216277,2.036837016,0.528839236,0.664307766,-2.373681379,0.00072612,0.040664343,9.24524641,4.419041142,1.99017093,0.518277596,0.619376212,-2.293246177,0.109,27.73125030367084,4.082160377752748,1.740451367472632,2.132039871960778,Americas,美洲,Americas,,0,0.109,2009.0,1991.0,0.132,0,0.109,0,0,1,0,0.0,0.0,0.109,0.0
MEX,Mexico,2012,50,2012,0.001000806,0.040008943,9.219934457,4.415462806,2.043375457,0.513136532,0.776449269,-2.278533662,0.001132688,0.037985741,9.246533076,4.335216277,2.036837016,0.528839236,0.664307766,-2.373681379,0.109,27.8372330965046,4.129750110670217,1.418410758364394,1.939959093799289,Americas,美洲,Americas,0.08739004149377592,1,0.08739004149377592,2012.0,1991.0,0.132,0,0.109,0,0,1,0,0.0,0.0,0.109,0.0
MEX,Mexico,2013,50,2013,0.001337047,0.040171949,9.038224184,4.428464674,2.028875201,0.536001527,0.558803265,-2.252388937,0.001000806,0.040008943,9.219934457,4.415462806,2.043375457,0.513136532,0.776449269,-2.278533662,0.08739004149377592,27.85824467254421,4.1629051696966,1.168173388122602,2.12140875307391,Americas,美洲,Americas,,0,0.08739004149377592,2012.0,1991.0,0.132,0,0.109,0,0,1,0,0.0,0.0,0.08739004149377592,0.0
MEX,Mexico,2014,50,2014,0.002216233,0.04051757,8.79845016,4.427356749,2.005198464,0.533475003,0.523147372,-2.230128143,0.001337047,0.040171949,9.038224184,4.428464674,2.028875201,0.536001527,0.558803265,-2.252388937,0.08739004149377592,27.91427059665673,4.138228660092229,2.054326848164115,2.046653316819853,Americas,美洲,Americas,,0,0.08739004149377592,2012.0,1991.0,0.132,0,0.08739004149377592,0,0,1,0,0.0,0.0,0.08739004149377592,0.0
MEX,Mexico,2015,50,2015,0.003219897,0.044770108,8.816648064,4.559895092,2.039597103,0.532700018,0.82669832,-2.123456311,0.002216233,0.04051757,8.79845016,4.427356749,2.005198464,0.533475003,0.523147372,-2.230128143,0.08739004149377592,27.94181483308037,4.160419543573695,1.4806505881435,2.099217749377038,Americas,美洲,Americas,0.08535999999999999,1,0.08535999999999999,2015.0,1991.0,0.132,0,0.08739004149377592,0,0,1,0,0.0,0.0,0.08739004149377592,0.0
MEX,Mexico,2016,50,2016,0.002666593,0.045451471,9.173841366,4.687235821,2.038243113,0.530933468,0.803721575,-2.069141331,0.003219897,0.044770108,8.816648064,4.559895092,2.039597103,0.532700018,0.82669832,-2.123456311,0.08535999999999999,27.82436047629458,4.254377545561702,1.814593422252585,1.72619664908894,Americas,美洲,Americas,,0,0.08535999999999999,2015.0,1991.0,0.132,0,0.08739004149377592,0,0,1,0,0.0,0.0,0.08535999999999999,0.0
MEX,Mexico,2017,50,2017,0.00260076,0.043093009,9.25119181,4.632632128,2.089966737,0.54846304,0.685187186,-2.125987663,0.002666593,0.045451471,9.173841366,4.687235821,2.038243113,0.530933468,0.803721575,-2.069141331,0.08535999999999999,27.73739126943793,4.326650059885575,1.965082997612117,1.760505047013305,Americas,美洲,Americas,,0,0.08535999999999999,2015.0,1991.0,0.132,0,0.08535999999999999,0,0,1,0,0.0,0.0,0.08535999999999999,0.0
MEX,Mexico,2018,50,2018,0.002963456,0.041613424,9.384317467,4.64800492,2.10519441,0.549474441,0.717375498,-2.141274325,0.00260076,0.043093009,9.25119181,4.632632128,2.089966737,0.54846304,0.685187186,-2.125987663,0.08535999999999999,27.80558052161109,4.343183488762548,1.747521075549978,2.498572572004868,Americas,美洲,Americas,0.7861928104575162,1,0.7861928104575162,2018.0,1991.0,0.132,0,0.08535999999999999,0,0,1,0,0.0,0.0,0.08535999999999999,0.0
MEX,Mexico,2019,50,2019,0.002786148,0.040910257,9.391648747,4.594935084,2.116075486,0.565214241,0.400694326,-2.156414201,0.002963456,0.041613424,9.384317467,4.64800492,2.10519441,0.549474441,0.717375498,-2.141274325,0.7861928104575162,27.85919215452688,4.384681378432527,1.822920585853538,2.292505800468759,Americas,美洲,Americas,,0,0.7861928104575162,2018.0,1991.0,0.132,0,0.08535999999999999,0,0,1,0,0.0,0.0,0.7861928104575162,0.0
PER,Peru,1996,59,1996,0.000241633,-0.018259483,6.261468709,0.124880909,3.138560119,0.642518233,-0.622978289,-6.148615791,0.000164623,-0.018689916,6.321063182,0.113296184,3.088180077,0.449455396,-0.548534975,-6.236507142,0.747,24.69944217097345,3.431636632685211,2.271663437795679,3.104687322629127,Americas,美洲,Americas,,0,0.747,1995.0,1992.0,0.75,0,0.75,0,0,1,0,0.0,0.0,0.747,0.0
PER,Peru,1997,59,1997,0.000463391,-0.017490009,6.439118463,0.144459044,3.113521303,0.631170137,-0.621851521,-6.022310634,0.000241633,-0.018259483,6.261468709,0.124880909,3.138560119,0.642518233,-0.622978289,-6.148615791,0.747,24.73517787105579,3.454870970456629,2.537165906378092,3.140660803878279,Americas,美洲,Americas,,0,0.747,1995.0,1992.0,0.75,0,0.747,0,0,1,0,0.0,0.0,0.747,0.0
PER,Peru,1998,59,1998,0.000270353,-0.017792927,6.761733709,0.112369534,3.065402635,0.613259513,-0.619956695,-6.093498602,0.000463391,-0.017490009,6.439118463,0.144459044,3.113521303,0.631170137,-0.621851521,-6.022310634,0.747,24.78624911005975,3.510635946283932,2.013772731521692,2.843895932393885,Americas,美洲,Americas,,0,0.747,1995.0,1992.0,0.75,0,0.747,0,0,1,0,0.0,0.0,0.747,0.0
PER,Peru,1999,59,1999,0.000292451,-0.01895877,6.699070577,0.115526795,3.048786805,0.603037682,-0.619756789,-6.182276445,0.000270353,-0.017792927,6.761733709,0.112369534,3.065402635,0.613259513,-0.619956695,-6.093498602,0.747,24.73967530559015,3.495082964949755,1.806358301812805,2.67857363945881,Americas,美洲,Americas,,0,0.747,1995.0,1992.0,0.75,0,0.747,0,0,1,0,0.0,0.0,0.747,0.0
PER,Peru,2000,59,2000,9.42e-05,-0.019260513,6.955771687,0.11784941,3.013187303,0.610528763,-0.672165745,-6.178915235,0.000292451,-0.01895877,6.699070577,0.115526795,3.048786805,0.603037682,-0.619756789,-6.182276445,0.747,24.6390283331132,3.502723853433541,2.061573403195293,1.957351850331448,Americas,美洲,Americas,0.431,1,0.431,2000.0,1992.0,0.75,0,0.747,0,0,1,0,0.0,0.0,0.747,0.0
PER,Peru,2001,59,2001,-0.000111102,-0.018875794,7.383682699,0.135873877,3.019808627,0.621828077,-0.627304486,-6.182001034,9.42e-05,-0.019260513,6.955771687,0.11784941,3.013187303,0.610528763,-0.672165745,-6.178915235,0.431,24.66958879791899,3.570603451534511,1.23017325363801,2.034113710774682,Americas,美洲,Americas,0.5125439999999999,1,0.5125439999999999,2001.0,1992.0,0.75,0,0.747,0,0,1,0,0.0,0.0,0.431,0.0
PER,Peru,2002,59,2002,-9.56e-05,-0.018887244,7.468633144,0.15410195,3.017204115,0.628053971,-0.589159525,-6.172007047,-0.000111102,-0.018875794,7.383682699,0.135873877,3.019808627,0.621828077,-0.627304486,-6.182001034,0.5125439999999999,24.6750893638566,3.55718641157428,1.529339544678614,1.433346578951774,Americas,美洲,Americas,,0,0.5125439999999999,2001.0,1992.0,0.75,0,0.431,0,0,1,0,0.0,0.0,0.5125439999999999,0.0
PER,Peru,2003,59,2003,4.54e-05,-0.020137606,7.238541694,0.162378814,3.05982811,0.640451286,-0.595372951,-6.182128808,-9.56e-05,-0.018887244,7.468633144,0.15410195,3.017204115,0.628053971,-0.589159525,-6.172007047,0.5125439999999999,24.72654633959932,3.562442304357929,2.078978876825068,0.1919540293502219,Americas,美洲,Americas,,0,0.5125439999999999,2001.0,1992.0,0.75,0,0.5125439999999999,0,0,1,0,0.0,0.0,0.5125439999999999,0.0
PER,Peru,2004,59,2004,-7.35e-05,-0.019079704,7.277374746,0.199223189,2.985593334,0.630004483,-0.562058535,-6.032750399,4.54e-05,-0.020137606,7.238541694,0.162378814,3.05982811,0.640451286,-0.595372951,-6.182128808,0.5125439999999999,24.79623404628729,3.62765836620744,1.559494279166085,1.553959920286651,Americas,美洲,Americas,,0,0.5125439999999999,2001.0,1992.0,0.75,0,0.5125439999999999,0,0,1,0,0.0,0.0,0.5125439999999999,0.0
PER,Peru,2005,59,2005,-1.32e-05,-0.017337943,7.553743834,0.27759418,2.943014055,0.605230644,-0.550265794,-5.780173035,-7.35e-05,-0.019079704,7.277374746,0.199223189,2.985593334,0.630004483,-0.562058535,-6.032750399,0.5125439999999999,24.92450029718823,3.736146512945374,1.607471542758354,2.009423020405313,Americas,美洲,Americas,,0,0.5125439999999999,2001.0,1992.0,0.75,0,0.5125439999999999,0,0,1,0,0.0,0.0,0.5125439999999999,0.0
PER,Peru,2006,59,2006,-2.91e-05,-0.016814807,7.582851941,0.373165386,2.949802543,0.335248877,-0.55804365,-5.636134387,-1.32e-05,-0.017337943,7.553743834,0.27759418,2.943014055,0.605230644,-0.550265794,-5.780173035,0.5125439999999999,25.05479630760576,3.857721347857549,1.935152292308362,1.257591810707533,Americas,美洲,Americas,0.342,1,0.342,2006.0,1992.0,0.75,0,0.5125439999999999,0,0,1,0,0.0,0.0,0.5125439999999999,0.0
PER,Peru,2007,59,2007,-5.85e-05,-0.01659023,7.757774946,0.421083674,3.020817383,0.334999512,-0.566805255,-5.554551161,-2.91e-05,-0.016814807,7.582851941,0.373165386,2.949802543,0.335248877,-0.55804365,-5.636134387,0.342,25.20788508210511,3.947101614088035,2.072812739863087,1.444644833268018,Americas,美洲,Americas,,0,0.342,2006.0,1992.0,0.75,0,0.5125439999999999,0,0,1,0,0.0,0.0,0.342,0.0
PER,Peru,2008,59,2008,-4.85e-05,-0.014743306,7.326459521,0.49035277,2.954857666,0.639766081,-0.627300048,-5.42093075,-5.85e-05,-0.01659023,7.757774946,0.421083674,3.020817383,0.334999512,-0.566805255,-5.554551161,0.342,25.34991353255869,4.019766718120896,2.383318370286779,1.340679811316031,Americas,美洲,Americas,,0,0.342,2006.0,1992.0,0.75,0,0.342,0,0,1,0,0.0,0.0,0.342,0.0
PER,Peru,2009,59,2009,-4.61e-05,-0.015835288,7.452349544,0.515371997,3.046195664,0.641932941,-0.535575578,-5.412209731,-4.85e-05,-0.014743306,7.326459521,0.49035277,2.954857666,0.639766081,-0.627300048,-5.42093075,0.342,25.51533541721813,4.067893931467177,2.448685260022384,2.455952615142778,Americas,美洲,Americas,,0,0.342,2006.0,1992.0,0.75,0,0.342,0,0,1,0,0.0,0.0,0.342,0.0
PER,Peru,2010,59,2010,-6.35e-05,-0.015137451,7.592287316,0.584127115,2.998757713,0.637843585,-0.708558726,-5.26855509,-4.61e-05,-0.015835288,7.452349544,0.515371997,3.046195664,0.641932941,-0.535575578,-5.412209731,0.342,25.51759239011892,3.873530163311779,2.373777596642696,1.798085860078817,Americas,美洲,Americas,,0,0.342,2006.0,1992.0,0.75,0,0.342,0,0,1,0,0.0,0.0,0.342,0.0
PER,Peru,2011,59,2011,-6.43e-05,-0.014447488,7.65652597,0.66173223,2.984257823,0.637213151,-0.616896245,-5.192123718,-6.35e-05,-0.015137451,7.592287316,0.584127115,2.998757713,0.637843585,-0.708558726,-5.26855509,0.342,25.7172813275257,3.944931703836831,2.446542321546591,1.210370681682401,Americas,美洲,Americas,0.6259236641221374,1,0.6259236641221374,2011.0,1992.0,0.75,0,0.342,0,0,1,0,0.0,0.0,0.342,0.0
PER,Peru,2012,59,2012,-6.3e-05,-0.013574725,7.314180022,0.705883925,2.976886783,0.653967421,-0.631525062,-5.11825202,-6.43e-05,-0.014447488,7.65652597,0.66173223,2.984257823,0.637213151,-0.616896245,-5.192123718,0.6259236641221374,25.86937410368532,4.025142388187555,2.203392304500061,1.929183701260939,Americas,美洲,Americas,,0,0.6259236641221374,2011.0,1992.0,0.75,0,0.342,0,0,1,0,0.0,0.0,0.6259236641221374,0.0
PER,Peru,2013,59,2013,1.3e-05,-0.013871539,7.068707606,0.547147961,2.954419007,0.644297544,-0.788610843,-5.172434071,-6.3e-05,-0.013574725,7.314180022,0.705883925,2.976886783,0.653967421,-0.631525062,-5.11825202,0.6259236641221374,25.98414102039118,3.963094285173628,2.694024429838162,1.995832511123056,Americas,美洲,Americas,,0,0.6259236641221374,2011.0,1992.0,0.75,0,0.6259236641221374,0,0,1,0,0.0,0.0,0.6259236641221374,0.0
PER,Peru,2014,59,2014,0.000138256,-0.01447454,6.720175627,0.416367106,2.948733665,0.637638311,-0.793372439,-5.311308386,1.3e-05,-0.013871539,7.068707606,0.547147961,2.954419007,0.644297544,-0.788610843,-5.172434071,0.6259236641221374,26.02744371495777,3.907756766903153,2.263705228137841,1.742376131773822,Americas,美洲,Americas,,0,0.6259236641221374,2011.0,1992.0,0.75,0,0.6259236641221374,0,0,1,0,0.0,0.0,0.6259236641221374,0.0
PER,Peru,2015,59,2015,0.000276939,-0.014213931,6.685798196,0.379900289,2.964494864,0.645044063,-0.67328868,-5.364697583,0.000138256,-0.01447454,6.720175627,0.416367106,2.948733665,0.637638311,-0.793372439,-5.311308386,0.6259236641221374,26.02550674922707,3.847017625276381,1.497340033735808,1.941244540831983,Americas,美洲,Americas,,0,0.6259236641221374,2011.0,1992.0,0.75,0,0.6259236641221374,0,0,1,0,0.0,0.0,0.6259236641221374,0.0
PER,Peru,2016,59,2016,0.000259631,-0.012671443,7.021227021,0.422308287,2.945134881,0.636659732,-0.735141109,-5.296843653,0.000276939,-0.014213931,6.685798196,0.379900289,2.964494864,0.645044063,-0.67328868,-5.364697583,0.6259236641221374,25.96925240416693,3.810273045841388,2.061567834275249,1.937340750406635,Americas,美洲,Americas,0.075,1,0.075,2016.0,1992.0,0.75,0,0.6259236641221374,0,0,1,0,0.0,0.0,0.6259236641221374,0.0
PER,Peru,2017,59,2017,0.000264538,-0.011543138,6.975113394,0.474447059,2.921971367,0.628367689,-0.642478155,-5.203588992,0.000259631,-0.012671443,7.021227021,0.422308287,2.945134881,0.636659732,-0.735141109,-5.296843653,0.075,25.98023036179965,3.815266286211116,1.978357965843717,1.981310617084367,Americas,美洲,Americas,,0,0.075,2016.0,1992.0,0.75,0,0.6259236641221374,0,0,1,0,0.0,0.0,0.075,0.0
PER,Peru,2018,59,2018,0.000203254,-0.011238602,7.102715681,0.476330493,2.889775891,0.619892122,-0.607930336,-5.201997515,0.000264538,-0.011543138,6.975113394,0.474447059,2.921971367,0.628367689,-0.642478155,-5.203588992,0.075,26.07516180895261,3.86101494113751,1.969376480499692,1.81683260775715,Americas,美洲,Americas,,0,0.075,2016.0,1992.0,0.75,0,0.075,0,0,1,0,0.0,0.0,0.075,0.0
PER,Peru,2019,59,2019,0.000192776,-0.010945023,7.059410526,0.479713725,2.893476769,0.593133871,-0.593018476,-5.221663965,0.000203254,-0.011238602,7.102715681,0.476330493,2.889775891,0.619892122,-0.607930336,-5.201997515,0.075,26.12862884236086,3.88427085574437,1.697385449630158,1.199830367030341,Americas,美洲,Americas,,0,0.075,2016.0,1992.0,0.75,0,0.075,0,0,1,0,0.0,0.0,0.075,0.0
USA,United States of America,1996,75,1996,0.028171858,0.244610822,11.23563505,7.500024106,3.005400432,0.662495798,2.406430038,-0.973443553,0.043724138,0.244610822,11.37128455,7.500024106,3.027959472,0.432608124,4.348234335,-0.973443553,0.251,29.66438586516415,3.111441233092186,0.8119990039927787,1.755050176718144,Americas,美洲,Americas,0.251,1,0.251,1996.0,1992.0,0.3,0,0.251,0,0,1,0,0.0,0.0,0.251,0.0
USA,United States of America,1997,75,1997,0.100171738,0.244610822,11.4212317,7.500024106,2.977145806,0.653955617,2.410307623,-0.973443553,0.028171858,0.244610822,11.23563505,7.500024106,3.005400432,0.662495798,2.406430038,-0.973443553,0.251,29.71956138832931,3.121795246403201,1.022163747135699,1.796463860007501,Americas,美洲,Americas,,0,0.251,1996.0,1992.0,0.3,0,0.251,0,0,1,0,0.0,0.0,0.251,0.0
USA,United States of America,1998,75,1998,0.091301341,0.244610822,11.64144027,7.500024106,2.963172602,0.652242838,2.400303679,-0.973443553,0.100171738,0.244610822,11.4212317,7.500024106,2.977145806,0.653955617,2.410307623,-0.973443553,0.251,29.78016996047845,3.153945593600746,1.151890717739599,1.585203804757992,Americas,美洲,Americas,0.249,1,0.249,1998.0,1992.0,0.3,0,0.251,0,0,1,0,0.0,0.0,0.251,0.0
USA,United States of America,1999,75,1999,0.062334423,0.244610822,11.52842351,7.500024106,2.929042502,0.649074435,2.39690332,-0.973443553,0.091301341,0.244610822,11.64144027,7.500024106,2.963172602,0.652242838,2.400303679,-0.973443553,0.249,29.83520124743776,3.127895459777024,1.582115684319649,1.223416927875421,Americas,美洲,Americas,,0,0.249,1998.0,1992.0,0.3,0,0.251,0,0,1,0,0.0,0.0,0.249,0.0
USA,United States of America,2000,75,2000,0.062707248,0.244610822,11.59874115,7.500024106,2.938708686,0.65155062,2.25425306,-0.973443553,0.062334423,0.244610822,11.52842351,7.500024106,2.929042502,0.649074435,2.39690332,-0.973443553,0.249,29.89602629577644,3.149035324445044,1.892948032005963,1.524694910864312,Americas,美洲,Americas,0.249,1,0.249,2000.0,1992.0,0.3,0,0.249,0,0,1,0,0.0,0.0,0.249,0.0
USA,United States of America,2001,75,2001,0.059841804,0.244610822,11.64144027,7.500024106,2.983094095,0.652635756,2.402938164,-0.973443553,0.062707248,0.244610822,11.59874115,7.500024106,2.938708686,0.65155062,2.25425306,-0.973443553,0.249,29.95839130474845,3.222987176052752,1.939509648023998,1.931328642229293,Americas,美洲,Americas,,0,0.249,2000.0,1992.0,0.3,0,0.249,0,0,1,0,0.0,0.0,0.249,0.0
USA,United States of America,2002,75,2002,0.039361117,0.244610822,11.64144027,7.500024106,2.996332429,0.653011419,2.5540569,-0.973443553,0.059841804,0.244610822,11.64144027,7.500024106,2.983094095,0.652635756,2.402938164,-0.973443553,0.249,29.99016892402483,3.134066298487761,1.264828984360555,1.761994905374329,Americas,美洲,Americas,0.24,1,0.24,2002.0,1992.0,0.3,0,0.249,0,0,1,0,0.0,0.0,0.249,0.0
USA,United States of America,2003,75,2003,0.028917354,0.244610822,11.64144027,7.500024106,3.029978771,0.657314951,2.555777515,-0.973443553,0.039361117,0.244610822,11.64144027,7.500024106,2.996332429,0.653011419,2.5540569,-0.973443553,0.24,30.022451257916,3.103975465233033,0.8927397975953942,1.241556787882981,Americas,美洲,Americas,,0,0.24,2002.0,1992.0,0.3,0,0.249,0,0,1,0,0.0,0.0,0.24,0.0
USA,United States of America,2004,75,2004,0.031952073,0.227004851,11.64144027,7.500024106,3.062821696,0.660667991,2.693353726,-0.973443553,0.028917354,0.244610822,11.64144027,7.500024106,3.029978771,0.657314951,2.555777515,-0.973443553,0.24,30.06957331138356,3.119157716682341,0.8969738745295506,1.558289000950256,Americas,美洲,Americas,0.199,1,0.199,2004.0,1992.0,0.3,0,0.24,0,0,1,0,0.0,0.0,0.24,0.0
USA,United States of America,2005,75,2005,0.031171713,0.225944291,11.64144027,7.500024106,3.095718929,0.662492598,2.697822903,-0.973443553,0.031952073,0.227004851,11.64144027,7.500024106,3.062821696,0.660667991,2.693353726,-0.973443553,0.199,30.13386535409136,3.196550959787383,1.325248308909012,1.711116385284799,Americas,美洲,Americas,,0,0.199,2004.0,1992.0,0.3,0,0.24,0,0,1,0,0.0,0.0,0.199,0.0
USA,United States of America,2006,75,2006,0.025321997,0.213753792,11.64144027,7.500024106,3.13070788,0.437122134,4.065142026,-0.973443553,0.031171713,0.225944291,11.64144027,7.500024106,3.095718929,0.662492598,2.697822903,-0.973443553,0.199,30.19898125896153,3.244097196437065,0.9447266163153,1.935830670023512,Americas,美洲,Americas,0.199,1,0.199,2006.0,1992.0,0.3,0,0.199,0,0,1,0,0.0,0.0,0.199,0.0
USA,United States of America,2007,75,2007,0.024575345,0.179812186,11.64144027,7.45729814,3.168146031,0.444314554,3.898816652,-0.973443553,0.025321997,0.213753792,11.64144027,7.500024106,3.13070788,0.437122134,4.065142026,-0.973443553,0.199,30.25681855968444,3.29492082053757,1.513123389529875,1.88757361500213,Americas,美洲,Americas,,0,0.199,2006.0,1992.0,0.3,0,0.199,0,0,1,0,0.0,0.0,0.199,0.0
USA,United States of America,2008,75,2008,0.024493351,0.169456293,11.61759856,7.448336832,3.216065408,0.662495798,2.461504057,-0.982951755,0.024575345,0.179812186,11.64144027,7.45729814,3.168146031,0.444314554,3.898816652,-0.973443553,0.199,30.30339072898029,3.332633621032066,1.607394038788405,1.770798315622213,Americas,美洲,Americas,0.233,1,0.233,2008.0,1992.0,0.3,0,0.199,0,0,1,0,0.0,0.0,0.199,0.0
USA,United States of America,2009,75,2009,0.026625466,0.175549077,11.54630136,7.46402557,3.250769697,0.662495798,2.721724795,-0.973443553,0.024493351,0.169456293,11.61759856,7.448336832,3.216065408,0.662495798,2.461504057,-0.982951755,0.233,30.32360959231724,3.396780836218648,1.574011804589851,2.054931384173065,Americas,美洲,Americas,,0,0.233,2008.0,1992.0,0.3,0,0.199,0,0,1,0,0.0,0.0,0.233,0.0
USA,United States of America,2010,75,2010,0.024055594,0.163552393,11.549823,7.430895374,3.214134283,0.662495798,2.127999802,-0.973443553,0.026625466,0.175549077,11.54630136,7.46402557,3.250769697,0.662495798,2.721724795,-0.973443553,0.233,30.30365585680118,3.20921051262047,0.9587963235266673,-0.3484519024007431,Americas,美洲,Americas,0.214,1,0.214,2010.0,1992.0,0.3,0,0.233,0,0,1,0,0.0,0.0,0.233,0.0
USA,United States of America,2011,75,2011,0.041565462,0.146520462,11.57938828,7.432632925,3.238085028,0.661373379,2.52886257,-1.022122409,0.024055594,0.163552393,11.549823,7.430895374,3.214134283,0.662495798,2.127999802,-0.973443553,0.214,30.34233029704843,3.340027233968205,1.328144415586207,1.270017165315075,Americas,美洲,Americas,,0,0.214,2010.0,1992.0,0.3,0,0.233,0,0,1,0,0.0,0.0,0.214,0.0
USA,United States of America,2012,75,2012,0.018649179,0.146149805,11.46449393,7.381575077,3.195161483,0.662495798,2.458779449,-0.973443553,0.041565462,0.146520462,11.57938828,7.432632925,3.238085028,0.661373379,2.52886257,-1.022122409,0.214,30.37827460201935,3.428893162864471,1.295287216253999,1.866910795838228,Americas,美洲,Americas,0.175,1,0.175,2012.0,1992.0,0.3,0,0.214,0,0,1,0,0.0,0.0,0.214,0.0
USA,United States of America,2013,75,2013,0.029904419,0.135885878,11.20925771,7.31926891,3.160166946,0.662495798,1.947120969,-0.987309238,0.018649179,0.146149805,11.46449393,7.381575077,3.195161483,0.662495798,2.458779449,-0.973443553,0.175,30.41935843975558,3.423670797582278,1.216861699124384,1.474220887666464,Americas,美洲,Americas,,0,0.175,2012.0,1992.0,0.3,0,0.214,0,0,1,0,0.0,0.0,0.175,0.0
USA,United States of America,2014,75,2014,0.044654198,0.134131349,11.01867983,7.315918224,3.140475903,0.662495798,1.948469408,-0.973443553,0.029904419,0.135885878,11.20925771,7.31926891,3.160166946,0.662495798,1.947120969,-0.987309238,0.175,30.45496759568746,3.401462478802953,1.306216506281962,1.175096232648502,Americas,美洲,Americas,0.176,1,0.176,2014.0,1992.0,0.3,0,0.175,0,0,1,0,0.0,0.0,0.175,0.0
USA,United States of America,2015,75,2015,0.048181231,0.137981469,11.0052586,7.292088425,3.131239487,0.662495798,2.269181254,-0.973443553,0.044654198,0.134131349,11.01867983,7.315918224,3.140475903,0.662495798,1.948469408,-0.973443553,0.176,30.49611382144269,3.401346642571708,1.158170561223651,1.260702977065525,Americas,美洲,Americas,,0,0.176,2014.0,1992.0,0.3,0,0.175,0,0,1,0,0.0,0.0,0.176,0.0
USA,United States of America,2016,75,2016,0.122508743,0.137148661,11.31379943,7.323327876,3.136719895,0.662495798,2.091617095,-0.973443553,0.048181231,0.137981469,11.0052586,7.292088425,3.131239487,0.662495798,2.269181254,-0.973443553,0.176,30.53277346525081,3.325883320585817,1.756301132522426,0.1183506548046968,Americas,美洲,Americas,0.403,1,0.403,2016.0,1992.0,0.3,0,0.176,0,0,1,0,0.0,0.0,0.176,0.0
USA,United States of America,2017,75,2017,0.038568531,0.129084761,11.47492761,7.278746901,3.159727119,0.662495798,1.935713185,-0.973443553,0.122508743,0.137148661,11.31379943,7.323327876,3.136719895,0.662495798,2.091617095,-0.973443553,0.403,30.55928315330501,3.281210496579832,1.661068100739285,1.054808593373977,Americas,美洲,Americas,,0,0.403,2016.0,1992.0,0.3,0,0.176,0,0,1,0,0.0,0.0,0.403,0.0
USA,United States of America,2018,75,2018,0.034381954,0.117149209,11.4693404,7.233234484,3.167719264,0.662495798,1.932771962,-0.994895702,0.038568531,0.129084761,11.47492761,7.278746901,3.159727119,0.662495798,1.935713185,-0.973443553,0.403,30.60027267733082,3.30736354407791,1.423423842769116,1.500353006497503,Americas,美洲,Americas,0.538,1,0.538,2018.0,1992.0,0.3,0,0.403,0,0,1,0,0.0,0.0,0.403,0.0
USA,United States of America,2019,75,2019,0.034976811,0.113834356,11.50161669,7.258548083,3.199590053,0.662495798,1.546754169,-0.98252513,0.034381954,0.117149209,11.4693404,7.233234484,3.167719264,0.662495798,1.932771962,-0.994895702,0.538,30.65305725511216,3.318191762613227,0.9133247870531651,1.625693427231665,Americas,美洲,Americas,,0,0.538,2018.0,1992.0,0.3,0,0.403,0,0,1,0,0.0,0.0,0.538,0.0
