country_text_id,country_name,year,rule_based_governance_t_minus_1,v2x_rule_t,populism_gov_election_raw,populism_gov_annual,populism_gov_annual_l1,populism_gov_annual_l2,within_module_degree_zscore_w,within_module_degree_zscore_w_t_minus_1,algebraic_connectivity_vitality_w,algebraic_connectivity_vitality_w_t_minus_1,efficiency_vitality_w,efficiency_vitality_w_t_minus_1,flow_betweenness_log1p_w,flow_betweenness_log1p_w_t_minus_1,communicability_betweenness_asinh_w,communicability_betweenness_asinh_w_t_minus_1,shannon_entropy_w,shannon_entropy_w_t_minus_1,participation_coefficient_w,participation_coefficient_w_t_minus_1,laplacian_centrality_log_w,laplacian_centrality_log_w_t_minus_1,ln_gdp_t_minus_2,ln_tradeopen_t_minus_2,asinh_fdi_t_minus_2,asinh_inflation_winsor_t_minus_2,sample_modelB_C_common_rawIV,source_election_year,historical_fill_source_year,historical_fill_value,historical_prefill_applied,is_election_year_observed,ln_gdp_t_minus_2_source_year,ln_tradeopen_t_minus_2_source_year,asinh_fdi_t_minus_2_source_year,asinh_inflation_winsor_t_minus_2_source_year,sample_all_8_indicators_rawIV
BRA,Brazil,1996,0.713,0.716,,0.2001403269754769,0.2001403269754769,0.2001403269754769,-0.512067202,-0.355548325,0.002254162,0.012220801,-0.001037295,0.000784586,9.286207157,9.562439528,2.587783611,2.691001836,3.282804922,3.234306275,0.637122656,0.498818531,-4.252892305,-4.172575437,26.98736833027838,2.927172868612321,0.555687756571425,6.807420572948996,1,1994,1990,0.2575249999999999,0,0,1994,1994,1994,1994,1
BRA,Brazil,1997,0.716,0.718,,0.2001403269754769,0.2001403269754769,0.2001403269754769,-0.507502041,-0.512067202,0.00221235,0.002254162,0.001040605,-0.001037295,9.547437155,9.286207157,2.591213665,2.587783611,3.238018242,3.282804922,0.625974387,0.637122656,-4.172256267,-4.252892305,27.36879017210851,2.83229880830147,0.5957201557303204,4.882965860846376,1,1994,1990,0.2575249999999999,0,0,1995,1995,1995,1995,1
BRA,Brazil,1998,0.718,0.718,0.1675196743554953,0.1675196743554953,0.2001403269754769,0.2001403269754769,-0.516668819,-0.507502041,0.003348593,0.00221235,-0.000207191,0.001040605,9.746225077,9.547437155,2.537607182,2.591213665,3.23387085,3.238018242,0.600358661,0.625974387,-4.218017939,-4.172256267,27.46900374651563,2.749549820599299,1.181356854275145,3.451479445275089,1,1998,1990,0.2575249999999999,0,1,1996,1996,1996,1996,1
BRA,Brazil,1999,0.718,0.718,,0.1675196743554953,0.1675196743554953,0.2001403269754769,-0.527227421,-0.516668819,0.002844549,0.003348593,0.000813674,-0.000207191,9.520718003,9.746225077,2.457121906,2.537607182,3.214004634,3.23387085,0.605371446,0.600358661,-4.290371125,-4.218017939,27.50682481859645,2.807968490474767,1.508964046009721,2.633702812262726,1,1998,1990,0.2575249999999999,0,0,1997,1997,1997,1997,1
BRA,Brazil,2000,0.718,0.73,,0.1675196743554953,0.1675196743554953,0.1675196743554953,-0.569359636,-0.527227421,0.003070965,0.002844549,0.004051614,0.000813674,9.667821595,9.520718003,2.654077147,2.457121906,3.220431515,3.214004634,0.623702162,0.605371446,-4.177563554,-4.290371125,27.48450406753664,2.799631310996793,1.921064787319284,1.878393935419199,1,1998,1990,0.2575249999999999,0,0,1998,1998,1998,1998,1
BRA,Brazil,2001,0.73,0.73,,0.1675196743554953,0.1675196743554953,0.1675196743554953,-0.499063487,-0.569359636,0.002494038,0.003070965,0.006159281,0.004051614,10.13380152,9.667821595,2.945835094,2.654077147,3.274558459,3.220431515,0.620267431,0.623702162,-4.07288566,-4.177563554,27.11959877250157,3.043672861406167,2.258843309750229,2.284292911386828,1,1998,1990,0.2575249999999999,0,0,1999,1999,1999,1999,1
BRA,Brazil,2002,0.73,0.722,0.4101565557729941,0.4101565557729941,0.1675196743554953,0.1675196743554953,-0.467358297,-0.499063487,0.002111833,0.002494038,0.002779174,0.006159281,9.94835138,10.13380152,2.859323206,2.945835094,3.320060732,3.274558459,0.634935151,0.620267431,-4.184733579,-4.07288566,27.20858509546916,3.119707712598135,2.319068438966157,2.650344039350283,1,2002,1990,0.2575249999999999,0,1,2000,2000,2000,2000,1
BRA,Brazil,2003,0.722,0.722,,0.4101565557729941,0.4101565557729941,0.1675196743554953,-0.464089887,-0.467358297,0.002920236,0.002111833,0.000335484,0.002779174,9.968180823,9.94835138,2.806599641,2.859323206,3.341208211,3.320060732,0.640244285,0.634935151,-4.253953541,-4.184733579,27.05117352042036,3.293474263364379,2.129901210942172,2.621288043938946,1,2002,1990,0.2575249999999999,0,0,2001,2001,2001,2001,1
BRA,Brazil,2004,0.722,0.722,,0.4101565557729941,0.4101565557729941,0.4101565557729941,-0.393225529,-0.464089887,0.005932267,0.002920236,0.001009818,0.000335484,10.05102993,9.968180823,3.093501448,2.806599641,3.365944331,3.341208211,0.643062611,0.640244285,-4.204297741,-4.253953541,26.95727505204114,3.318480675094541,1.895724619248369,2.830815971164036,1,2002,1990,0.2575249999999999,0,0,2002,2002,2002,2002,1
BRA,Brazil,2005,0.722,0.795,,0.4101565557729941,0.4101565557729941,0.4101565557729941,-0.395713438,-0.393225529,0.003660812,0.005932267,0.001165759,0.001009818,10.10466558,10.05102993,3.011842848,3.093501448,3.379418123,3.365944331,0.654484029,0.643062611,-4.138038176,-4.204297741,27.04804357214038,3.33720572328962,1.356930191820928,3.383161692784548,1,2002,1990,0.2575249999999999,0,0,2003,2003,2003,2003,1
BRA,Brazil,2006,0.795,0.793,0.3922321428571429,0.3922321428571429,0.4101565557729941,0.4101565557729941,-0.339366476,-0.395713438,0.002956946,0.003660812,0.001260849,0.001165759,10.04867357,10.10466558,3.179818302,3.011842848,3.425869762,3.379418123,0.475989633,0.654484029,-4.11064652,-4.138038176,27.22948227286106,3.390414537871338,1.723741408229998,2.585485477758658,1,2006,1990,0.2575249999999999,0,1,2004,2004,2004,2004,1
BRA,Brazil,2007,0.793,0.793,,0.3922321428571429,0.3922321428571429,0.4101565557729941,-0.331641517,-0.339366476,0.003115114,0.002956946,0.00088551,0.001260849,10.140531,10.04867357,3.26384062,3.179818302,3.428826248,3.425869762,0.482225151,0.475989633,-4.056786384,-4.11064652,27.51632137697736,3.299046347336078,1.317878911614287,2.625499983086066,1,2006,1990,0.2575249999999999,0,0,2005,2005,2005,2005,1
BRA,Brazil,2008,0.793,0.793,,0.3922321428571429,0.3922321428571429,0.3922321428571429,-0.421048154,-0.331641517,0.004575371,0.003115114,0.004483139,0.00088551,10.15867565,10.140531,3.554721123,3.26384062,3.391510534,3.428826248,0.662495798,0.482225151,-3.79558928,-4.056786384,27.7332407442067,3.259699095084715,1.327447373827467,2.138298886956575,1,2006,1990,0.2575249999999999,0,0,2006,2006,2006,2006,1
BRA,Brazil,2009,0.793,0.793,,0.3922321428571429,0.3922321428571429,0.3922321428571429,-0.348093351,-0.421048154,0.031035232,0.004575371,0.002045384,0.004483139,9.953923832,10.15867565,3.496057501,3.554721123,3.412973917,3.391510534,0.659627854,0.662495798,-3.895341518,-3.79558928,27.96542997323813,3.230512312598364,1.87712379750297,2.003823839520739,1,2006,1990,0.2575249999999999,0,0,2007,2007,2007,2007,1
BRA,Brazil,2010,0.793,0.799,0.3654678747940692,0.3654678747940692,0.3922321428571429,0.3922321428571429,-0.300127913,-0.348093351,0.007658941,0.031035232,0.005256622,0.002045384,10.11928968,9.953923832,3.679630348,3.496057501,3.371105072,3.412973917,0.6400611,0.659627854,-3.655710671,-3.895341518,28.1592083853694,3.305331259292224,1.815472549997984,2.437514990433107,1,2010,1990,0.2575249999999999,0,1,2008,2008,2008,2008,1
BRA,Brazil,2011,0.799,0.799,,0.3654678747940692,0.3654678747940692,0.3922321428571429,-0.277116539,-0.300127913,0.007456455,0.007658941,0.007419373,0.005256622,10.23707525,10.11928968,3.792645653,3.679630348,3.335858342,3.371105072,0.640942486,0.6400611,-3.557824631,-3.655710671,28.14204449669061,3.095847961390059,1.39262131930232,2.290240381590198,1,2010,1990,0.2575249999999999,0,0,2009,2009,2009,2009,1
BRA,Brazil,2012,0.799,0.799,,0.3654678747940692,0.3654678747940692,0.3654678747940692,-0.426365831,-0.277116539,0.002443307,0.007456455,0.006504591,0.007419373,10.02602342,10.23707525,3.667299476,3.792645653,3.349993466,3.335858342,0.661153693,0.640942486,-3.583751013,-3.557824631,28.42348775043976,3.125539532647075,2.027061674931196,2.320005166617408,1,2010,1990,0.2575249999999999,0,0,2010,2010,2010,2010,1
BRA,Brazil,2013,0.799,0.796,,0.3654678747940692,0.3654678747940692,0.3654678747940692,-0.317687235,-0.426365831,0.002843421,0.002443307,0.006762788,0.006504591,9.8183685,10.02602342,3.622148012,3.667299476,3.334689402,3.349993466,0.636146878,0.661153693,-3.595563589,-3.583751013,28.59272741263198,3.175316970917128,2.073932595427167,2.591352915098453,1,2010,1990,0.2575249999999999,0,0,2011,2011,2011,2011,1
BRA,Brazil,2014,0.796,0.794,0.3198397328881469,0.3198397328881469,0.3654678747940692,0.3654678747940692,-0.296474783,-0.317687235,0.003743959,0.002843421,0.004296427,0.006762788,9.563578866,9.8183685,3.42984983,3.622148012,3.329297913,3.334689402,0.636739589,0.636146878,-3.694911852,-3.595563589,28.53330553321464,3.223436354240729,2.033502382489965,2.388648278657461,1,2014,1990,0.2575249999999999,0,1,2012,2012,2012,2012,1
BRA,Brazil,2015,0.794,0.794,,0.3198397328881469,0.3198397328881469,0.3654678747940692,-0.533020044,-0.296474783,0.004714233,0.003743959,0.001433814,0.004296427,9.499406801,9.563578866,3.189902094,3.42984983,3.328643567,3.329297913,0.654537344,0.636739589,-3.818034835,-3.694911852,28.53638005774165,3.249830054141438,1.831491735939553,2.524823735662533,1,2014,1990,0.2575249999999999,0,0,2013,2013,2013,2013,1
BRA,Brazil,2016,0.794,0.73,,0.3198397328881469,0.3198397328881469,0.3198397328881469,-0.606356037,-0.533020044,0.004028425,0.004714233,0.000611917,0.001433814,9.737877496,9.499406801,3.056210888,3.189902094,3.337524052,3.328643567,0.656526832,0.654537344,-3.922195369,-3.818034835,28.52957294610043,3.206212211247238,1.985140011454798,2.544479285909932,1,2014,1990,0.2575249999999999,0,0,2014,2014,2014,2014,1
CAN,Canada,1996,0.977,0.977,,0.178,0.178,0.178,1.222596178,1.557926089,0.003052978,0.002177739,0.063691917,0.062062668,10.32500894,10.4973692,5.27909561,5.234469254,1.65882799,1.646281529,0.433128673,0.259405246,-1.608523501,-1.65954847,27.08619798210244,4.164982322400927,1.272679301001699,0.1648157180171,1,1993,1988,0.202,0,0,1994,1994,1994,1994,1
CAN,Canada,1997,0.977,0.977,0.178,0.178,0.178,0.178,1.22185874,1.222596178,0.003375192,0.003052978,0.067777728,0.063691917,10.56537899,10.32500894,5.441384283,5.27909561,1.644015621,1.65882799,0.417177921,0.433128673,-1.450081118,-1.608523501,27.13008161313453,4.235001004122735,1.55172981594398,1.508250343262768,1,1997,1988,0.202,0,1,1995,1995,1995,1995,1
CAN,Canada,1998,0.977,0.977,,0.178,0.178,0.178,1.224885311,1.22185874,0.003306724,0.003375192,0.070312321,0.067777728,10.76201093,10.56537899,5.489779532,5.441384283,1.644015621,1.644015621,0.405560139,0.417177921,-1.426642331,-1.450081118,27.16995026100326,4.252203692325879,1.136983033985794,1.233260687866794,1,1997,1988,0.202,0,0,1996,1996,1996,1996,1
CAN,Canada,1999,0.977,0.977,,0.178,0.178,0.178,1.20181923,1.224885311,0.007280163,0.003306724,0.074187081,0.070312321,10.64345574,10.76201093,5.595022439,5.489779532,1.644015621,1.644015621,0.3963748,0.405560139,-1.35595322,-1.426642331,27.20788122483593,4.308603563636384,1.577420098929952,1.260174649039783,1,1997,1988,0.202,0,0,1997,1997,1997,1997,1
CAN,Canada,2000,0.977,0.977,0.178,0.178,0.178,0.178,1.06509975,1.20181923,0.025544108,0.007280163,0.074458312,0.074187081,10.77416394,10.64345574,5.627090332,5.595022439,1.644015621,1.644015621,0.401953944,0.3963748,-1.347576967,-1.35595322,27.17531479138364,4.357749123378703,2.080041543765978,0.878501558251259,1,2000,1988,0.202,0,1,1998,1998,1998,1998,1
CAN,Canada,2001,0.977,0.977,,0.178,0.178,0.178,1.14690531,1.06509975,0.030965502,0.025544108,0.070007804,0.074458312,11.09235064,10.77416394,5.554694132,5.627090332,1.644015621,1.644015621,0.41265651,0.401953944,-1.454281878,-1.347576967,27.24302089925649,4.383463468345434,2.106073998595027,1.318353125287709,1,2000,1988,0.202,0,0,1999,1999,1999,1999,1
CAN,Canada,2002,0.977,0.977,,0.178,0.178,0.178,1.185913394,1.14690531,0.034633911,0.030965502,0.067440665,0.070007804,10.99925654,11.09235064,5.472466857,5.554694132,1.695168655,1.644015621,0.424032887,0.41265651,-1.527369289,-1.454281878,27.33634586937697,4.416009590394214,2.912155374576572,1.725782336684534,1,2000,1988,0.202,0,0,2000,2000,2000,2000,1
CAN,Canada,2003,0.977,0.977,,0.178,0.178,0.178,1.158907124,1.185913394,0.050043736,0.034633911,0.059856234,0.067440665,10.99163408,10.99925654,5.358248295,5.472466857,1.800504789,1.695168655,0.44854886,0.424032887,-1.718740454,-1.527369289,27.32853911937102,4.361112174048246,2.055642219207229,1.656520339486777,1,2000,1988,0.202,0,0,2001,2001,2001,2001,1
CAN,Canada,2004,0.977,0.977,0.178,0.178,0.178,0.178,1.253928958,1.158907124,0.004813988,0.050043736,0.056411336,0.059856234,11.01508255,10.99163408,5.160829296,5.358248295,1.829723677,1.800504789,0.460028529,0.44854886,-1.827831631,-1.718740454,27.35743829241706,4.326871050157069,1.885559344634417,1.553561948610584,1,2004,1988,0.202,0,1,2002,2002,2002,2002,1
CAN,Canada,2005,0.977,0.977,,0.178,0.178,0.178,1.274579339,1.253928958,0.005154516,0.004813988,0.055817795,0.056411336,11.04306472,11.01508255,5.226373021,5.160829296,1.907918038,1.829723677,0.471148863,0.460028529,-1.825606129,-1.827831631,27.52069344729401,4.246208266299339,0.7193128349783289,1.739199988024699,1,2004,1988,0.202,0,0,2003,2003,2003,2003,1
CAN,Canada,2006,0.977,0.977,0.609,0.609,0.178,0.178,1.098186109,1.274579339,0.003292252,0.005154516,0.052898457,0.055817795,10.932288,11.04306472,5.125244508,5.226373021,1.963895824,1.907918038,0.287205123,0.471148863,-1.921863216,-1.825606129,27.65736138334429,4.251240327864987,0.1409982453750398,1.37791464140992,1,2006,1988,0.202,0,1,2004,2004,2004,2004,1
CAN,Canada,2007,0.977,0.979,,0.609,0.609,0.178,0.994365867,1.098186109,0.002878488,0.003292252,0.047592033,0.052898457,10.92732376,10.932288,4.923231182,5.125244508,2.030643368,1.963895824,0.301703904,0.287205123,-2.074008384,-1.921863216,27.79067826339344,4.245048351437711,1.520587267005728,1.535254095678676,1,2006,1988,0.202,0,0,2005,2005,2005,2005,1
CAN,Canada,2008,0.979,0.979,0.579,0.579,0.609,0.609,1.01306017,0.994365867,0.001977305,0.002878488,0.044103532,0.047592033,10.66938263,10.92732376,4.799333998,4.923231182,2.063554297,2.030643368,0.51723189,0.301703904,-2.139317422,-2.074008384,27.90809573493456,4.220274535748123,2.287443863229131,1.444540892770894,1,2008,1988,0.202,0,1,2006,2006,2006,2006,1
CAN,Canada,2009,0.979,0.979,,0.579,0.579,0.609,1.12552674,1.01306017,0.003768722,0.001977305,0.043436187,0.044103532,10.57823143,10.66938263,4.894453083,4.799333998,2.176792332,2.063554297,0.525777169,0.51723189,-2.177558683,-2.139317422,28.01548075090406,4.19393978670465,2.801046466956956,1.503863537663034,1,2008,1988,0.202,0,0,2007,2007,2007,2007,1
CAN,Canada,2010,0.979,0.98,,0.579,0.579,0.579,0.77583523,1.12552674,0.003636203,0.003768722,0.042596684,0.043436187,10.72077404,10.57823143,4.902171087,4.894453083,2.201817739,2.176792332,0.544326028,0.525777169,-2.165899975,-2.177558683,28.07120302177406,4.205044920935911,2.212626163656422,1.597942822585861,1,2008,1988,0.202,0,0,2008,2008,2008,2008,1
CAN,Canada,2011,0.98,0.98,0.579,0.579,0.579,0.579,0.853199777,0.77583523,0.005996935,0.003636203,0.040268944,0.042596684,10.6977449,10.72077404,4.819689648,4.902171087,2.212269965,2.201817739,0.544601841,0.544326028,-2.233629314,-2.165899975,27.94920218599283,4.06858891177468,1.208074676231746,0.2951623000135089,1,2011,1988,0.202,0,1,2009,2009,2009,2009,1
CAN,Canada,2012,0.98,0.98,,0.579,0.579,0.579,0.918866898,0.853199777,0.003298159,0.005996935,0.042163845,0.040268944,10.63232117,10.6977449,4.816190712,4.819689648,2.170070986,2.212269965,0.530114169,0.544601841,-2.168850067,-2.233629314,28.11180602245712,4.097807251927179,1.368392222414684,1.339153118352539,1,2011,1988,0.202,0,0,2010,2010,2010,2010,1
CAN,Canada,2013,0.98,0.98,,0.579,0.579,0.579,0.643424919,0.918866898,0.004790121,0.003298159,0.041369439,0.042163845,10.33843862,10.63232117,4.704670888,4.816190712,2.152905975,2.170070986,0.543006954,0.530114169,-2.211124933,-2.168850067,28.21509346360624,4.135146376872068,1.503630151765521,1.790288745749965,1,2011,1988,0.202,0,0,2011,2011,2011,2011,1
CAN,Canada,2014,0.98,0.981,,0.579,0.579,0.579,0.67366724,0.643424919,0.006940121,0.004790121,0.042641769,0.041369439,10.08960106,10.33843862,4.686222425,4.704670888,2.023654607,2.152905975,0.514525337,0.543006954,-2.167294611,-2.211124933,28.23444405109945,4.136694172375233,1.71911054883037,1.203428587828965,1,2011,1988,0.202,0,0,2012,2012,2012,2012,1
CAN,Canada,2015,0.981,0.981,0.289,0.289,0.579,0.579,0.792908436,0.67366724,0.008368022,0.006940121,0.044422683,0.042641769,10.02273338,10.08960106,4.682753303,4.686222425,2.107856217,2.023654607,0.523589445,0.514525337,-2.196261439,-2.167294611,28.24436583011532,4.130854471472935,2.000782114059181,0.8370594737208678,1,2015,1988,0.202,0,1,2013,2013,2013,2013,1
CAN,Canada,2016,0.981,0.982,,0.289,0.289,0.579,0.660049896,0.792908436,0.006868542,0.008368022,0.043704994,0.044422683,10.37937586,10.02273338,4.655076975,4.682753303,2.139984937,2.107856217,0.529677236,0.523589445,-2.217774698,-2.196261439,28.22199706655904,4.164782245233688,1.980424391296956,1.401084795416372,1,2015,1988,0.202,0,0,2014,2014,2014,2014,1
CHL,Chile,1996,0.957,0.957,,0.3246713043478261,0.3246713043478261,0.3246713043478261,-0.581773518,-0.45838471,0.000457103,0.000254768,-0.012560136,-0.01274201,8.782017639,8.998677781,1.24651789,1.136162551,3.241662837,3.166897283,0.662495798,0.4703467,-5.075564291,-5.05070273,24.77397670536861,3.966656709555006,2.208356845939238,3.132439579761028,1,1993,1989,0.3318394308943089,0,0,1994,1994,1994,1994,1
CHL,Chile,1997,0.957,0.957,0.2992991304347826,0.2992991304347826,0.3246713043478261,0.3246713043478261,-0.584770928,-0.581773518,0.000462652,0.000457103,-0.012047387,-0.012560136,9.015208981,8.782017639,1.115509653,1.24651789,3.189416998,3.241662837,0.662495798,0.662495798,-5.034053062,-5.075564291,25.02490130128401,4.001634864229977,2.096085939473515,2.804921115461744,1,1997,1989,0.3318394308943089,0,1,1995,1995,1995,1995,1
CHL,Chile,1998,0.957,0.957,,0.2992991304347826,0.2992991304347826,0.3246713043478261,-0.584678439,-0.584770928,0.000476233,0.000462652,-0.013534535,-0.012047387,9.228666631,9.015208981,0.923964329,1.115509653,3.155103824,3.189416998,0.661136388,0.662495798,-5.101922308,-5.034053062,25.0874352129084,3.987515374043057,2.51239889409386,2.693671845115518,1,1997,1989,0.3318394308943089,0,0,1996,1996,1996,1996,1
CHL,Chile,1999,0.957,0.957,,0.2992991304347826,0.2992991304347826,0.2992991304347826,-0.582929465,-0.584678439,0.000789087,0.000476233,-0.013722753,-0.013534535,9.017875647,9.228666631,0.836070907,0.923964329,3.11306418,3.155103824,0.655397054,0.661136388,-5.182242277,-5.101922308,25.17460180468825,3.990821213111898,2.515826788432478,2.513551556366496,1,1997,1989,0.3318394308943089,0,0,1997,1997,1997,1997,1
CHL,Chile,2000,0.957,0.958,,0.2992991304347826,0.2992991304347826,0.2992991304347826,-0.636067737,-0.582929465,0.000893512,0.000789087,-0.013368524,-0.013722753,9.134842527,9.017875647,0.946316399,0.836070907,3.100537506,3.11306418,0.656659347,0.655397054,-5.151369997,-5.182242277,25.12986325610773,3.985945704275924,2.431561741106035,2.333833973270748,1,1997,1989,0.3318394308943089,0,0,1998,1998,1998,1998,1
CHL,Chile,2001,0.958,0.958,0.3088170731707317,0.3088170731707317,0.2992991304347826,0.2992991304347826,-0.579496556,-0.636067737,0.000438708,0.000893512,-0.013065991,-0.013368524,9.481337535,9.134842527,1.068047207,0.946316399,3.089570719,3.100537506,0.65109849,0.656659347,-5.093524198,-5.151369997,25.04844014566552,4.001783447197067,3.145310291980925,1.919914865409939,1,2001,1989,0.3318394308943089,0,1,1999,1999,1999,1999,1
CHL,Chile,2002,0.958,0.958,,0.3088170731707317,0.3088170731707317,0.2992991304347826,-0.541460045,-0.579496556,0.000404801,0.000438708,-0.013554663,-0.013065991,9.390502768,9.481337535,1.168337225,1.068047207,3.110073828,3.089570719,0.649470144,0.65109849,-5.157930924,-5.093524198,25.08432098316938,4.072642825249011,2.524737234343892,2.055982638524408,1,2001,1989,0.3318394308943089,0,0,2000,2000,2000,2000,1
CHL,Chile,2003,0.958,0.958,,0.3088170731707317,0.3088170731707317,0.3088170731707317,-0.53373844,-0.541460045,0.000588882,0.000404801,-0.013729698,-0.013554663,9.436952633,9.390502768,1.255376536,1.168337225,3.112650723,3.110073828,0.649206817,0.649470144,-5.129614288,-5.157930924,24.99400804924333,4.12946661439182,2.469786651757806,1.984532592873682,1,2001,1989,0.3318394308943089,0,0,2001,2001,2001,2001,1
CHL,Chile,2004,0.958,0.958,,0.3088170731707317,0.3088170731707317,0.3088170731707317,-0.485246625,-0.53373844,0.000517734,0.000588882,-0.01211494,-0.013729698,9.7334108,9.436952633,1.60265624,1.255376536,3.077678811,3.112650723,0.655352069,0.649206817,-4.907025695,-5.129614288,24.97552606737061,4.134908153785259,2.000584021784677,1.643286510862084,1,2001,1989,0.3318394308943089,0,0,2002,2002,2002,2002,1
CHL,Chile,2005,0.958,0.958,0.3408342857142857,0.3408342857142857,0.3088170731707317,0.3088170731707317,-0.47221318,-0.485246625,0.000200748,0.000517734,-0.009543124,-0.01211494,9.873477316,9.7334108,1.757092262,1.60265624,3.096004304,3.077678811,0.653711771,0.655352069,-4.741847207,-4.907025695,25.06045957495742,4.18499876204066,2.221627929394694,1.756646880064078,1,2005,1989,0.3318394308943089,0,1,2003,2003,2003,2003,1
CHL,Chile,2006,0.958,0.958,,0.3408342857142857,0.3408342857142857,0.3088170731707317,-0.421764071,-0.47221318,0.000167555,0.000200748,-0.009408854,-0.009543124,9.816044473,9.873477316,1.938418974,1.757092262,3.120378242,3.096004304,0.394408038,0.653711771,-4.639281622,-4.741847207,25.31915292574548,4.246913420961866,2.31538980691482,0.919554946838122,1,2005,1989,0.3318394308943089,0,0,2004,2004,2004,2004,1
CHL,Chile,2007,0.958,0.958,,0.3408342857142857,0.3408342857142857,0.3408342857142857,-0.416434142,-0.421764071,0.000121687,0.000167555,-0.009785723,-0.009408854,9.869323591,9.816044473,1.891674736,1.938418974,3.096965872,3.120378242,0.382022124,0.394408038,-4.587504743,-4.639281622,25.52969500574783,4.277534273144924,2.292377167599848,1.834942686318823,1,2005,1989,0.3318394308943089,0,0,2005,2005,2005,2005,1
CHL,Chile,2008,0.958,0.96,,0.3408342857142857,0.3408342857142857,0.3408342857142857,-0.535699714,-0.416434142,0.000882523,0.000121687,-0.008603184,-0.009785723,9.591709854,9.869323591,1.850342171,1.891674736,3.066411724,3.096965872,0.650563847,0.382022124,-4.557790731,-4.587504743,25.75920180699082,4.300160657085853,1.846843085377511,1.93562440196835,1,2005,1989,0.3318394308943089,0,0,2006,2006,2006,2006,1
CHL,Chile,2009,0.96,0.96,0.08867248908296943,0.08867248908296943,0.3408342857142857,0.3408342857142857,-0.63825185,-0.535699714,0.000733572,0.000882523,-0.009215598,-0.008603184,9.367313078,9.591709854,1.733782313,1.850342171,3.078316614,3.066411724,0.649851419,0.650563847,-4.627661531,-4.557790731,25.87361133894259,4.343506996992957,2.510267848868144,2.18914881364293,1,2009,1989,0.3318394308943089,0,1,2007,2007,2007,2007,1
CHL,Chile,2010,0.96,0.96,,0.08867248908296943,0.08867248908296943,0.3408342857142857,-0.508057057,-0.63825185,0.00084765,0.000733572,-0.0065078,-0.009215598,9.308217918,9.367313078,1.75032804,1.733782313,3.000208137,3.078316614,0.59082271,0.649851419,-4.511479681,-4.627661531,25.91563693006628,4.390448895660445,3.04270784557803,2.861612932400026,1,2009,1989,0.3318394308943089,0,0,2008,2008,2008,2008,1
CHL,Chile,2011,0.96,0.96,,0.08867248908296943,0.08867248908296943,0.08867248908296943,-0.536895292,-0.508057057,0.000781757,0.00084765,-0.006133994,-0.0065078,9.361053409,9.308217918,1.688494053,1.75032804,2.992323348,3.000208137,0.620122918,0.59082271,-4.468073619,-4.511479681,25.86946820390286,4.199995500150424,2.702178611366189,0.3460944049408554,1,2009,1989,0.3318394308943089,0,0,2009,2009,2009,2009,1
CHL,Chile,2012,0.96,0.96,,0.08867248908296943,0.08867248908296943,0.08867248908296943,-0.56952293,-0.536895292,0.000381,0.000781757,-0.005947012,-0.006133994,9.191756521,9.361053409,1.612909021,1.688494053,2.971064424,2.992323348,0.643888483,0.620122918,-4.470711411,-4.468073619,26.10339914992061,4.24445394610273,2.621445392123522,1.144192004617425,1,2009,1989,0.3318394308943089,0,0,2010,2010,2010,2010,1
CHL,Chile,2013,0.96,0.958,0.4042380952380952,0.4042380952380952,0.08867248908296943,0.08867248908296943,-0.540328127,-0.56952293,0.00079425,0.000381,-0.005390074,-0.005947012,8.925010327,9.191756521,1.452438445,1.612909021,2.969417038,2.971064424,0.606648674,0.643888483,-4.506738338,-4.470711411,26.25024181444658,4.283333327147473,3.045812332849402,1.92115935627356,1,2013,1989,0.3318394308943089,0,1,2011,2011,2011,2011,1
CHL,Chile,2014,0.958,0.957,,0.4042380952380952,0.4042380952380952,0.08867248908296943,-0.506526262,-0.540328127,0.001089874,0.00079425,-0.004910423,-0.005390074,8.694501998,8.925010327,1.318243797,1.452438445,2.937271097,2.969417038,0.5917552,0.606648674,-4.586970804,-4.506738338,26.31060730934214,4.221801291884248,3.172262035570291,1.820799222909612,1,2013,1989,0.3318394308943089,0,0,2012,2012,2012,2012,1
CHL,Chile,2015,0.957,0.95,,0.4042380952380952,0.4042380952380952,0.4042380952380952,-0.606366676,-0.506526262,0.00140443,0.001089874,-0.007878585,-0.004910423,8.658872468,8.694501998,1.033904022,1.318243797,2.987191977,2.937271097,0.637698732,0.5917552,-4.785340458,-4.586970804,26.34870838807766,4.176589273741405,2.727415871647782,1.34535718869891,1,2013,1989,0.3318394308943089,0,0,2013,2013,2013,2013,1
CHL,Chile,2016,0.95,0.95,,0.4042380952380952,0.4042380952380952,0.4042380952380952,-0.596729306,-0.606366676,0.001132264,0.00140443,-0.006994815,-0.007878585,8.835644421,8.658872468,0.987948853,1.033904022,2.988919556,2.987191977,0.644049531,0.637698732,-4.832089732,-4.785340458,26.28225749547159,4.184103424388611,2.981669632878186,2.255718696540109,1,2013,1989,0.3318394308943089,0,0,2014,2014,2014,2014,1
COL,Colombia,1996,0.672,0.672,,0.56,0.56,0.56,-0.588399815,-0.515919792,0.000894754,0.000339395,-0.008063217,-0.008480587,7.79901114,8.085743937,0.451283886,0.479467551,2.788949177,2.790046638,0.57118625,0.47769121,-5.256791428,-5.298416972,25.12636268790702,3.581225684573259,1.335985872544584,3.822412438395131,1,1994,1991,0.518,0,0,1994,1994,1994,1994,1
COL,Colombia,1997,0.672,0.687,,0.56,0.56,0.56,-0.590575508,-0.588399815,0.000865718,0.000894754,-0.007470513,-0.008063217,7.967301409,7.79901114,0.496261543,0.451283886,2.814510936,2.788949177,0.568323913,0.57118625,-5.203524048,-5.256791428,25.25055317440127,3.569454674219871,0.9140836188502646,3.733075873395907,1,1994,1991,0.518,0,0,1995,1995,1995,1995,1
COL,Colombia,1998,0.687,0.687,0.3273736263736264,0.3273736263736264,0.56,0.56,-0.597296389,-0.590575508,0.000748948,0.000865718,-0.010085683,-0.007470513,8.095564313,7.967301409,0.394547544,0.496261543,2.902577739,2.814510936,0.575964531,0.568323913,-5.356537332,-5.203524048,25.29962606579989,3.584743388131775,1.880647073697446,3.728561080499786,1,1998,1991,0.518,0,1,1996,1996,1996,1996,1
COL,Colombia,1999,0.687,0.687,,0.3273736263736264,0.3273736263736264,0.56,-0.600899695,-0.597296389,0.00071223,0.000748948,-0.009574892,-0.010085683,7.713381272,8.095564313,0.310895025,0.394547544,2.729885236,2.902577739,0.547552888,0.575964531,-5.42892253,-5.356537332,25.39290743186312,3.572263277406886,2.353740903204651,3.610028179337876,1,1998,1991,0.518,0,0,1997,1997,1997,1997,1
COL,Colombia,2000,0.687,0.7,,0.3273736263736264,0.3273736263736264,0.3273736263736264,-0.659653159,-0.600899695,0.000606713,0.00071223,-0.011217251,-0.009574892,7.63958107,7.713381272,0.24938398,0.310895025,2.782864833,2.729885236,0.558162317,0.547552888,-5.552876768,-5.42892253,25.31275105383583,3.580985817632717,1.777681145118714,3.621154839299182,1,1998,1991,0.518,0,0,1998,1998,1998,1998,1
COL,Colombia,2001,0.7,0.7,,0.3273736263736264,0.3273736263736264,0.3273736263736264,-0.615757561,-0.659653159,0.000229641,0.000606713,-0.012102855,-0.011217251,8.031136449,7.63958107,0.295065281,0.24938398,2.89152086,2.782864833,0.575654296,0.558162317,-5.57587777,-5.552876768,25.17977542962052,3.587657012422077,1.325695896148626,3.081600743915974,1,1998,1991,0.518,0,0,1999,1999,1999,1999,1
COL,Colombia,2002,0.7,0.726,0.2881865284974093,0.2881865284974093,0.3273736263736264,0.3273736263736264,-0.579337669,-0.615757561,0.000961635,0.000229641,-0.013147664,-0.012102855,7.875016148,8.031136449,0.303104869,0.295065281,2.953848021,2.89152086,0.581259666,0.575654296,-5.674349311,-5.57587777,25.32718599148091,3.486368010409261,1.624527432799205,2.918026731191703,1,2002,1991,0.518,0,1,2000,2000,2000,2000,1
COL,Colombia,2003,0.726,0.726,,0.2881865284974093,0.2881865284974093,0.3273736263736264,-0.58046159,-0.579337669,0.000813314,0.000961635,-0.013042482,-0.013147664,8.017144934,7.875016148,0.306764964,0.303104869,2.910342837,2.953848021,0.576676619,0.581259666,-5.692747584,-5.674349311,25.31027858185159,3.523447810159665,1.67961389012999,2.772191557992511,1,2002,1991,0.518,0,0,2001,2001,2001,2001,1
COL,Colombia,2004,0.726,0.726,,0.2881865284974093,0.2881865284974093,0.2881865284974093,-0.551642353,-0.58046159,0.000417816,0.000813314,-0.013649257,-0.013042482,8.06334994,8.017144934,0.28191177,0.306764964,2.934549346,2.910342837,0.584799676,0.576676619,-5.740584124,-5.692747584,25.30768023211172,3.495981338624111,1.520705631443101,2.547979578635362,1,2002,1991,0.518,0,0,2002,2002,2002,2002,1
COL,Colombia,2005,0.726,0.727,,0.2881865284974093,0.2881865284974093,0.2881865284974093,-0.55066279,-0.551642353,0.000147578,0.000417816,-0.012842635,-0.013649257,8.142992425,8.06334994,0.294404722,0.28191177,2.933516959,2.934549346,0.581394057,0.584799676,-5.627052016,-5.740584124,25.27339856112466,3.597755546356489,1.359071609523695,2.662310860299326,1,2002,1991,0.518,0,0,2003,2003,2003,2003,1
COL,Colombia,2006,0.727,0.732,0.3270419287211739,0.3270419287211739,0.2881865284974093,0.2881865284974093,-0.583788534,-0.55066279,-8.34e-05,0.000147578,-0.013361341,-0.012842635,8.116688862,8.142992425,0.319676764,0.294404722,2.975282811,2.933516959,0.414918515,0.581394057,-5.63785935,-5.627052016,25.48622934598465,3.579718027855285,1.705361796410374,2.475876781378859,1,2006,1991,0.518,0,1,2004,2004,2004,2004,1
COL,Colombia,2007,0.732,0.734,,0.3270419287211739,0.3270419287211739,0.2881865284974093,-0.596680874,-0.583788534,0.000154788,-8.34e-05,-0.013624895,-0.013361341,8.293285393,8.116688862,0.349811094,0.319676764,2.976702593,2.975282811,0.410597914,0.414918515,-5.626650615,-5.63785935,25.70413261010487,3.622277405232169,2.648325507477211,2.322395340108453,1,2006,1991,0.518,0,0,2005,2005,2005,2005,1
COL,Colombia,2008,0.734,0.734,,0.3270419287211739,0.3270419287211739,0.3270419287211739,-0.615069515,-0.596680874,0.000554522,0.000154788,-0.011080556,-0.013624895,8.293587218,8.293285393,0.461081891,0.349811094,2.899871123,2.976702593,0.622681189,0.410597914,-5.420458108,-5.626650615,25.80958332334865,3.679872915754376,2.135695750835491,2.163526047332823,1,2006,1991,0.518,0,0,2006,2006,2006,2006,1
COL,Colombia,2009,0.734,0.73,,0.3270419287211739,0.3270419287211739,0.3270419287211739,-0.533225173,-0.615069515,-2.08e-05,0.000554522,-0.010867058,-0.011080556,8.22134346,8.293587218,0.540098971,0.461081891,2.997234981,2.899871123,0.629120489,0.622681189,-5.374432829,-5.420458108,26.05225566173221,3.613587241362623,2.166980298964162,2.413968076212858,1,2006,1991,0.518,0,0,2007,2007,2007,2007,1
COL,Colombia,2010,0.73,0.74,0.3647402452619843,0.3647402452619843,0.3270419287211739,0.3270419287211739,-0.699208863,-0.533225173,0.000149153,-2.08e-05,-0.010474699,-0.010867058,8.100521025,8.22134346,0.540133665,0.540098971,2.906183464,2.997234981,0.642558097,0.629120489,-5.31176032,-5.374432829,26.21428466252978,3.667851136084777,2.177686059540777,2.643680131159658,1,2010,1991,0.518,0,1,2008,2008,2008,2008,1
COL,Colombia,2011,0.74,0.77,,0.3647402452619843,0.3647402452619843,0.3270419287211739,-0.590762676,-0.699208863,0.000445011,0.000149153,-0.008399364,-0.010474699,8.275893463,8.100521025,0.672530606,0.540133665,2.854394041,2.906183464,0.641437842,0.642558097,-5.109260708,-5.31176032,26.17202127056554,3.559798956044975,1.953637194975716,2.142694642068416,1,2010,1991,0.518,0,0,2009,2009,2009,2009,1
COL,Colombia,2012,0.77,0.774,,0.3647402452619843,0.3647402452619843,0.3647402452619843,-0.59800355,-0.590762676,0.000647455,0.000445011,-0.007040314,-0.008399364,8.214993368,8.275893463,0.733945067,0.672530606,2.819441613,2.854394041,0.605382516,0.641437842,-4.983507211,-5.109260708,26.38099925649113,3.53411284372946,1.547855149668569,1.559057622174056,1,2010,1991,0.518,0,0,2010,2010,2010,2010,1
COL,Colombia,2013,0.774,0.762,,0.3647402452619843,0.3647402452619843,0.3647402452619843,-0.760684055,-0.59800355,0.000732556,0.000647455,-0.008294231,-0.007040314,7.887327533,8.214993368,0.655224866,0.733945067,2.863146507,2.819441613,0.653737805,0.605382516,-5.022768252,-4.983507211,26.53729527352686,3.675551620667006,2.181352554083905,1.94211260129101,1,2010,1991,0.518,0,0,2011,2011,2011,2011,1
COL,Colombia,2014,0.762,0.762,0.3975299860529986,0.3975299860529986,0.3647402452619843,0.3647402452619843,-0.757721848,-0.760684055,0.0012157,0.000732556,-0.007804176,-0.008294231,7.673607591,7.887327533,0.646632288,0.655224866,2.815865241,2.863146507,0.654079808,0.653737805,-4.955247514,-5.022768252,26.63863505423077,3.659325790589916,2.108512275278961,1.870666869982292,1,2014,1991,0.518,0,1,2012,2012,2012,2012,1
COL,Colombia,2015,0.762,0.76,,0.3975299860529986,0.3975299860529986,0.3647402452619843,-0.65612051,-0.757721848,0.001530331,0.0012157,-0.011053521,-0.007804176,7.615348419,7.673607591,0.464811936,0.646632288,2.935768856,2.815865241,0.650661275,0.654079808,-5.211377392,-4.955247514,26.66893169578476,3.637234750564305,2.151914576841471,1.451208913972726,1,2014,1991,0.518,0,0,2013,2013,2013,2013,1
COL,Colombia,2016,0.76,0.763,,0.3975299860529986,0.3975299860529986,0.3975299860529986,-0.720400408,-0.65612051,0.001330141,0.001530331,-0.012201205,-0.011053521,7.783900557,7.615348419,0.457032423,0.464811936,2.983764609,2.935768856,0.645064696,0.650661275,-5.319308139,-5.211377392,26.6666972024102,3.624006627532134,2.151581399602262,1.785961290891819,1,2014,1991,0.518,0,0,2014,2014,2014,2014,1
CRI,Costa Rica,1996,0.953,0.953,,0.379,0.379,0.379,-0.626131637,-0.561780369,-6e-06,8.02e-06,-0.015436258,-0.015655676,6.773985503,6.806729912,0.043317407,0.031717446,2.328776393,2.276737966,0.485188604,0.398610239,-6.199738205,-6.272169947,23.07367908152444,4.356674313222486,1.765605492114101,3.299748829738707,1,1994,1990,0.534,0,0,1994,1994,1994,1994,1
CRI,Costa Rica,1997,0.953,0.947,,0.379,0.379,0.379,-0.625313804,-0.626131637,-4.32e-05,-6e-06,-0.014694897,-0.015436258,7.085536801,6.773985503,0.049096528,0.043317407,2.329214147,2.328776393,0.477508254,0.485188604,-6.064832977,-6.199738205,23.17242390792861,4.379202331944791,1.78949097514312,3.837182005699602,1,1994,1990,0.534,0,0,1995,1995,1995,1995,1
CRI,Costa Rica,1998,0.947,0.95,0.534,0.534,0.379,0.379,-0.619821047,-0.625313804,9.63e-05,-4.32e-05,-0.013744489,-0.014694897,7.410311372,7.085536801,0.058258275,0.049096528,2.357749835,2.329214147,0.494410468,0.477508254,-5.948213505,-6.064832977,23.18100891717,4.431497091274135,2.007686768925177,3.556816538913695,1,1998,1990,0.534,0,1,1996,1996,1996,1996,1
CRI,Costa Rica,1999,0.95,0.95,,0.534,0.534,0.379,-0.622087927,-0.619821047,-8.47e-05,9.63e-05,-0.014911553,-0.013744489,7.228333333,7.410311372,0.048853162,0.058258275,2.445509972,2.357749835,0.50836472,0.494410468,-6.042287636,-5.948213505,23.25812089909767,4.472931649811482,1.893425125388842,3.278418486394635,1,1998,1990,0.534,0,0,1997,1997,1997,1997,1
CRI,Costa Rica,2000,0.95,0.95,,0.534,0.534,0.534,-0.677310111,-0.622087927,-2.27e-05,-8.47e-05,-0.015582064,-0.014911553,7.213730891,7.228333333,0.040772328,0.048853162,2.388146362,2.445509972,0.499063552,0.50836472,-6.100722872,-6.042287636,23.33951180796289,4.522201765985805,2.207298274238996,3.151085309948061,1,1998,1990,0.534,0,0,1998,1998,1998,1998,1
CRI,Costa Rica,2001,0.95,0.95,,0.534,0.534,0.534,-0.634611078,-0.677310111,8.64e-06,-2.27e-05,-0.0159828,-0.015582064,7.430660186,7.213730891,0.04150973,0.040772328,2.458744415,2.388146362,0.514803695,0.499063552,-6.141657403,-6.100722872,23.38036417902532,4.472079996221984,2.175309485505055,3.002718580407604,1,1998,1990,0.534,0,0,1999,1999,1999,1999,1
CRI,Costa Rica,2002,0.95,0.95,0.47,0.47,0.534,0.534,-0.598123057,-0.634611078,-6.95e-05,8.64e-06,-0.016177798,-0.0159828,7.474843572,7.430660186,0.04328587,0.04150973,2.482562895,2.458744415,0.510867162,0.514803695,-6.174138166,-6.141657403,23.4322242696079,4.460432505534545,2.276200315148253,3.089615016600433,1,2002,1990,0.534,0,1,2000,2000,2000,2000,1
CRI,Costa Rica,2003,0.95,0.95,,0.47,0.47,0.534,-0.603338348,-0.598123057,-0.000134266,-6.95e-05,-0.016605875,-0.016177798,7.457583255,7.474843572,0.041229944,0.04328587,2.520921635,2.482562895,0.52224622,0.510867162,-6.246153979,-6.174138166,23.49436434542978,4.392629706877097,2.068263977819082,3.115981881267433,1,2002,1990,0.534,0,0,2001,2001,2001,2001,1
CRI,Costa Rica,2004,0.95,0.95,,0.47,0.47,0.47,-0.579984155,-0.603338348,-9.71e-05,-0.000134266,-0.017711194,-0.016605875,7.435868088,7.457583255,0.035060731,0.041229944,2.602860697,2.520921635,0.524731162,0.52224622,-6.406998779,-6.246153979,23.5313918554922,4.387187598161434,2.178971413336744,2.911775502722513,1,2002,1990,0.534,0,0,2002,2002,2002,2002,1
CRI,Costa Rica,2005,0.95,0.944,,0.47,0.47,0.47,-0.589455716,-0.579984155,-6.66e-05,-9.71e-05,-0.018186521,-0.017711194,7.346441585,7.435868088,0.037431267,0.035060731,2.7599701,2.602860697,0.562914564,0.524731162,-6.414598636,-6.406998779,23.57233866409175,4.422781117342033,2.205770731465428,2.941695114185401,1,2002,1990,0.534,0,0,2003,2003,2003,2003,1
CRI,Costa Rica,2006,0.944,0.935,0.324,0.324,0.47,0.47,-0.626530337,-0.589455716,2.67e-05,-6.66e-05,-0.017673092,-0.018186521,7.340171752,7.346441585,0.041344922,0.037431267,2.692430421,2.7599701,0.411819416,0.562914564,-6.355133032,-6.414598636,23.64699687088385,4.445664092122978,2.462276995048788,3.20559461182314,1,2006,1990,0.534,0,1,2004,2004,2004,2004,1
CRI,Costa Rica,2007,0.935,0.935,,0.324,0.324,0.47,-0.647827594,-0.626530337,-0.000131611,2.67e-05,-0.01835753,-0.017673092,7.344192938,7.340171752,0.032227871,0.041344922,2.707675432,2.692430421,0.416132638,0.411819416,-6.458788251,-6.355133032,23.7210281723788,4.491135086823572,2.729298569911159,3.319002703065863,1,2006,1990,0.534,0,0,2005,2005,2005,2005,1
CRI,Costa Rica,2008,0.935,0.935,,0.324,0.324,0.324,-0.670985909,-0.647827594,-0.000134141,-0.000131611,-0.017608027,-0.01835753,7.181418444,7.344192938,0.033780512,0.032227871,2.638622658,2.707675432,0.58051439,0.416132638,-6.382355378,-6.458788251,23.84631512298925,4.497747040278404,2.767565089210367,3.134828813330766,1,2006,1990,0.534,0,0,2006,2006,2006,2006,1
CRI,Costa Rica,2009,0.935,0.938,,0.324,0.324,0.324,-0.593548528,-0.670985909,-7.38e-05,-0.000134141,-0.017473634,-0.017608027,7.140707283,7.181418444,0.035470308,0.033780512,2.618523491,2.638622658,0.570457491,0.58051439,-6.375551211,-6.382355378,24.01482321489073,4.459642505851999,2.817478931942459,2.932141141272394,1,2006,1990,0.534,0,0,2007,2007,2007,2007,1
CRI,Costa Rica,2010,0.938,0.94,0.324,0.324,0.324,0.324,-0.752405706,-0.593548528,-8.18e-06,-7.38e-05,-0.017679713,-0.017473634,6.983687038,7.140707283,0.035026166,0.035470308,2.598973022,2.618523491,0.588441147,0.570457491,-6.371698261,-6.375551211,24.15083720390585,4.459005183889675,2.765122315519582,3.291610205979723,1,2010,1990,0.534,0,1,2008,2008,2008,2008,1
CRI,Costa Rica,2011,0.94,0.941,,0.324,0.324,0.324,-0.665102226,-0.752405706,1.4e-05,-8.18e-06,-0.018425255,-0.017679713,6.928080674,6.983687038,0.031379168,0.035026166,2.652163591,2.598973022,0.589964354,0.588441147,-6.461408658,-6.371698261,24.14901644953915,4.245050999236863,2.360607202114614,2.7567705122145,1,2010,1990,0.534,0,0,2009,2009,2009,2009,1
CRI,Costa Rica,2012,0.941,0.941,,0.324,0.324,0.324,-0.697207987,-0.665102226,4.97e-05,1.4e-05,-0.017802757,-0.018425255,6.808553819,6.928080674,0.032933271,0.031379168,2.630234904,2.652163591,0.554286228,0.589964354,-6.36163124,-6.461408658,24.35182763490742,4.212306688272057,2.324857296159335,2.434764668906378,1,2010,1990,0.534,0,0,2010,2010,2010,2010,1
CRI,Costa Rica,2013,0.941,0.935,,0.324,0.324,0.324,-0.830268738,-0.697207987,7.44e-05,4.97e-05,-0.018410055,-0.017802757,6.606554497,6.808553819,0.030488369,0.032933271,2.705489948,2.630234904,0.613316889,0.554286228,-6.412490906,-6.36163124,24.47893004609404,4.228863020769673,2.554215338918222,2.288226784854927,1,2010,1990,0.534,0,0,2011,2011,2011,2011,1
CRI,Costa Rica,2014,0.935,0.943,0.608,0.608,0.324,0.324,-0.825848704,-0.830268738,0.000290992,7.44e-05,-0.01859905,-0.018410055,6.44282897,6.606554497,0.03151288,0.030488369,2.742588195,2.705489948,0.618991542,0.613316889,-6.401207593,-6.412490906,24.57833017066863,4.205416824182369,2.442716264403437,2.208360881804538,1,2014,1990,0.534,0,1,2012,2012,2012,2012,1
CRI,Costa Rica,2015,0.943,0.942,,0.608,0.608,0.324,-0.71176901,-0.825848704,0.000280299,0.000290992,-0.018800809,-0.01859905,6.545086162,6.44282897,0.034776699,0.03151288,2.831819175,2.742588195,0.629960466,0.618991542,-6.376962336,-6.401207593,24.6541040969212,4.159920210793667,2.538568584367961,2.356826338747338,1,2014,1990,0.534,0,0,2013,2013,2013,2013,1
CRI,Costa Rica,2016,0.942,0.943,,0.608,0.608,0.608,-0.770923483,-0.71176901,0.000333107,0.000280299,-0.018281368,-0.018800809,6.985183976,6.545086162,0.043817133,0.034776699,2.860748348,2.831819175,0.635560758,0.629960466,-6.281637185,-6.376962336,24.67482506064059,4.177325135573427,2.529368617611784,2.213504541241631,1,2014,1990,0.534,0,0,2014,2014,2014,2014,1
MEX,Mexico,1996,0.483,0.483,,0.111,0.111,0.111,0.508999335,0.42819411,0.001650023,0.001111722,0.051679748,0.045814878,8.181339662,8.310958333,3.816285904,3.46865727,1.644015621,1.644015621,0.23819938,0.174801528,-2.288472496,-2.555331556,27.03974120295507,3.372745509819806,1.435539143069971,2.639274293186543,1,1994,1991,0.132,0,0,1994,1994,1994,1994,1
MEX,Mexico,1997,0.483,0.501,0.111,0.111,0.111,0.111,0.499256209,0.508999335,0.002180865,0.001650023,0.054852096,0.051679748,8.388077392,8.181339662,4.005226223,3.816285904,1.644015621,1.644015621,0.241132899,0.23819938,-2.131766863,-2.288472496,26.66385139821565,3.776565913579391,1.649412711824365,4.248678449197318,1,1997,1991,0.132,0,1,1995,1995,1995,1995,1
MEX,Mexico,1998,0.501,0.501,,0.111,0.111,0.111,0.52207138,0.499256209,0.001894087,0.002180865,0.057487327,0.054852096,8.714482686,8.388077392,4.190557037,4.005226223,1.644015621,1.644015621,0.284690814,0.241132899,-2.060372109,-2.131766863,26.79205697185267,3.866352265005467,1.498400363662234,4.230786614274561,1,1997,1991,0.132,0,0,1996,1996,1996,1996,1
MEX,Mexico,1999,0.501,0.501,,0.111,0.111,0.111,0.568379737,0.52207138,0.003232578,0.001894087,0.062171398,0.057487327,8.711487445,8.714482686,4.351666344,4.190557037,1.644015621,1.644015621,0.284912265,0.284690814,-1.920023404,-2.060372109,26.98370645470929,3.839277578437295,1.628881403534924,3.720268737962088,1,1997,1991,0.132,0,0,1997,1997,1997,1997,1
MEX,Mexico,2000,0.501,0.613,0.169,0.169,0.111,0.111,0.540882452,0.568379737,0.002002314,0.003232578,0.06410298,0.062171398,8.986753998,8.711487445,4.455609151,4.351666344,1.644015621,1.644015621,0.295782351,0.284912265,-1.827747808,-1.920023404,27.04665856678049,3.87186504330661,1.56563089320926,3.462234456004315,1,2000,1991,0.132,0,1,1998,1998,1998,1998,1
MEX,Mexico,2001,0.613,0.616,,0.169,0.169,0.111,0.631708372,0.540882452,0.000854278,0.002002314,0.059769911,0.06410298,9.406190263,8.986753998,4.493350062,4.455609151,1.644015621,1.644015621,0.344605891,0.295782351,-1.900864935,-1.827747808,27.17096680320262,3.871456177852339,1.533165738532383,3.502590634001681,1,2000,1991,0.132,0,0,1999,1999,1999,1999,1
MEX,Mexico,2002,0.616,0.616,,0.169,0.169,0.169,0.740143177,0.631708372,0.000616534,0.000854278,0.058393979,0.059769911,9.405326963,9.406190263,4.557216501,4.493350062,1.644015621,1.644015621,0.361350666,0.344605891,-1.910625691,-1.900864935,27.3326977313465,3.910229581950209,1.63872704282459,2.94631385115966,1,2000,1991,0.132,0,0,2000,2000,2000,2000,1
MEX,Mexico,2003,0.616,0.591,0.154,0.154,0.169,0.169,0.770921453,0.740143177,0.001069062,0.000616534,0.053880253,0.058393979,9.250781152,9.405326963,4.494608313,4.557216501,1.644015621,1.644015621,0.389128609,0.361350666,-2.055788072,-1.910625691,27.40294616340476,3.800870392632938,2.038922240923762,2.550500762042842,1,2003,1991,0.132,0,1,2001,2001,2001,2001,1
MEX,Mexico,2004,0.591,0.591,,0.154,0.154,0.169,0.80029111,0.770921453,0.001182757,0.001069062,0.049693736,0.053880253,9.271684024,9.250781152,4.366149437,4.494608313,1.690041839,1.644015621,0.416608878,0.389128609,-2.203510489,-2.055788072,27.4211221125836,3.811314524693587,1.642339053678253,2.318446730721788,1,2003,1991,0.132,0,0,2002,2002,2002,2002,1
MEX,Mexico,2005,0.591,0.591,,0.154,0.154,0.154,0.760894702,0.80029111,0.000985238,0.001182757,0.047969882,0.049693736,9.34216684,9.271684024,4.387887961,4.366149437,1.825495221,1.690041839,0.450272065,0.416608878,-2.229363489,-2.203510489,27.3638603245099,3.885687590233384,1.598568335048224,2.219471574011472,1,2003,1991,0.132,0,0,2003,2003,2003,2003,1
MEX,Mexico,2006,0.591,0.592,0.109,0.109,0.154,0.154,0.725556759,0.760894702,0.001159313,0.000985238,0.046484479,0.047969882,9.386109908,9.34216684,4.372386009,4.387887961,1.860513712,1.825495221,0.225003929,0.450272065,-2.259174018,-2.229363489,27.43191048084196,3.952024568130652,1.839798577120463,2.249424539725989,1,2006,1991,0.132,0,1,2004,2004,2004,2004,1
MEX,Mexico,2007,0.592,0.583,,0.109,0.109,0.154,0.681685548,0.725556759,0.000641464,0.001159313,0.042205538,0.046484479,9.403628167,9.386109908,4.29495157,4.372386009,1.967110978,1.860513712,0.239910236,0.225003929,-2.382901936,-2.259174018,27.54499672828186,3.962005689725358,1.733609106383695,2.09181190249656,1,2006,1991,0.132,0,0,2005,2005,2005,2005,1
MEX,Mexico,2008,0.583,0.584,,0.109,0.109,0.109,0.659798115,0.681685548,0.00078379,0.000641464,0.039202728,0.042205538,9.256116515,9.403628167,4.237171511,4.29495157,2.010803042,1.967110978,0.505489203,0.239910236,-2.428659592,-2.382901936,27.65108357013543,3.997872502654801,1.516728014045132,2.000692772578373,1,2006,1991,0.132,0,0,2006,2006,2006,2006,1
MEX,Mexico,2009,0.584,0.584,0.109,0.109,0.109,0.109,0.887369705,0.659798115,0.001481438,0.00078379,0.040462742,0.039202728,8.966139294,9.256116515,4.34546265,4.237171511,1.994151145,2.010803042,0.500188692,0.505489203,-2.363170818,-2.428659592,27.72847041978562,4.012022616179091,1.757922906618467,2.086640745146991,1,2009,1991,0.132,0,1,2007,2007,2007,2007,1
MEX,Mexico,2010,0.584,0.587,,0.109,0.109,0.109,0.619376212,0.887369705,0.00072612,0.001481438,0.040664343,0.040462742,9.24524641,8.966139294,4.419041142,4.34546265,1.99017093,1.994151145,0.518277596,0.500188692,-2.293246177,-2.363170818,27.78077941454203,4.031853399570786,1.670407016992239,2.336659456998974,1,2009,1991,0.132,0,0,2008,2008,2008,2008,1
MEX,Mexico,2011,0.587,0.587,,0.109,0.109,0.109,0.664307766,0.619376212,0.001132688,0.00072612,0.037985741,0.040664343,9.246533076,9.24524641,4.335216277,4.419041142,2.036837016,1.99017093,0.528839236,0.518277596,-2.373681379,-2.293246177,27.57279586677762,3.999882628296919,1.480200168782681,2.36914708206279,1,2009,1991,0.132,0,0,2009,2009,2009,2009,1
MEX,Mexico,2012,0.587,0.556,0.08739004149377592,0.08739004149377592,0.109,0.109,0.776449269,0.664307766,0.001000806,0.001132688,0.040008943,0.037985741,9.219934457,9.246533076,4.415462806,4.335216277,2.043375457,2.036837016,0.513136532,0.528839236,-2.278533662,-2.373681379,27.73125030367084,4.082160377752748,1.740451367472632,2.132039871960778,1,2012,1991,0.132,0,1,2010,2010,2010,2010,1
MEX,Mexico,2013,0.556,0.473,,0.08739004149377592,0.08739004149377592,0.109,0.558803265,0.776449269,0.001337047,0.001000806,0.040171949,0.040008943,9.038224184,9.219934457,4.428464674,4.415462806,2.028875201,2.043375457,0.536001527,0.513136532,-2.252388937,-2.278533662,27.8372330965046,4.129750110670217,1.418410758364394,1.939959093799289,1,2012,1991,0.132,0,0,2011,2011,2011,2011,1
MEX,Mexico,2014,0.473,0.473,,0.08739004149377592,0.08739004149377592,0.08739004149377592,0.523147372,0.558803265,0.002216233,0.001337047,0.04051757,0.040171949,8.79845016,9.038224184,4.427356749,4.428464674,2.005198464,2.028875201,0.533475003,0.536001527,-2.230128143,-2.252388937,27.85824467254421,4.1629051696966,1.168173388122602,2.12140875307391,1,2012,1991,0.132,0,0,2012,2012,2012,2012,1
MEX,Mexico,2015,0.473,0.483,0.08535999999999999,0.08535999999999999,0.08739004149377592,0.08739004149377592,0.82669832,0.523147372,0.003219897,0.002216233,0.044770108,0.04051757,8.816648064,8.79845016,4.559895092,4.427356749,2.039597103,2.005198464,0.532700018,0.533475003,-2.123456311,-2.230128143,27.91427059665673,4.138228660092229,2.054326848164115,2.046653316819853,1,2015,1991,0.132,0,1,2013,2013,2013,2013,1
MEX,Mexico,2016,0.483,0.483,,0.08535999999999999,0.08535999999999999,0.08739004149377592,0.803721575,0.82669832,0.002666593,0.003219897,0.045451471,0.044770108,9.173841366,8.816648064,4.687235821,4.559895092,2.038243113,2.039597103,0.530933468,0.532700018,-2.069141331,-2.123456311,27.94181483308037,4.160419543573695,1.4806505881435,2.099217749377038,1,2015,1991,0.132,0,0,2014,2014,2014,2014,1
PER,Peru,1996,0.165,0.169,,0.747,0.747,0.75,-0.622978289,-0.548534975,0.000241633,0.000164623,-0.018259483,-0.018689916,6.261468709,6.321063182,0.124880909,0.113296184,3.138560119,3.088180077,0.642518233,0.449455396,-6.148615791,-6.236507142,24.52730443770417,3.364636980096154,2.689541818029917,3.860621600370011,1,1995,1992,0.75,0,0,1994,1994,1994,1994,1
PER,Peru,1997,0.169,0.167,,0.747,0.747,0.747,-0.621851521,-0.622978289,0.000463391,0.000241633,-0.017490009,-0.018259483,6.439118463,6.261468709,0.144459044,0.124880909,3.113521303,3.138560119,0.631170137,0.642518233,-6.022310634,-6.148615791,24.69944217097345,3.431636632685211,2.271663437795679,3.104687322629127,1,1995,1992,0.75,0,0,1995,1995,1995,1995,1
PER,Peru,1998,0.167,0.166,,0.747,0.747,0.747,-0.619956695,-0.621851521,0.000270353,0.000463391,-0.017792927,-0.017490009,6.761733709,6.439118463,0.112369534,0.144459044,3.065402635,3.113521303,0.613259513,0.631170137,-6.093498602,-6.022310634,24.73517787105579,3.454870970456629,2.537165906378092,3.140660803878279,1,1995,1992,0.75,0,0,1996,1996,1996,1996,1
PER,Peru,1999,0.166,0.166,,0.747,0.747,0.747,-0.619756789,-0.619956695,0.000292451,0.000270353,-0.01895877,-0.017792927,6.699070577,6.761733709,0.115526795,0.112369534,3.048786805,3.065402635,0.603037682,0.613259513,-6.182276445,-6.093498602,24.78624911005975,3.510635946283932,2.013772731521692,2.843895932393885,1,1995,1992,0.75,0,0,1997,1997,1997,1997,1
PER,Peru,2000,0.166,0.232,0.431,0.431,0.747,0.747,-0.672165745,-0.619756789,9.42e-05,0.000292451,-0.019260513,-0.01895877,6.955771687,6.699070577,0.11784941,0.115526795,3.013187303,3.048786805,0.610528763,0.603037682,-6.178915235,-6.182276445,24.73967530559015,3.495082964949755,1.806358301812805,2.67857363945881,1,2000,1992,0.75,0,1,1998,1998,1998,1998,1
PER,Peru,2001,0.232,0.742,0.5125439999999999,0.5125439999999999,0.431,0.747,-0.627304486,-0.672165745,-0.000111102,9.42e-05,-0.018875794,-0.019260513,7.383682699,6.955771687,0.135873877,0.11784941,3.019808627,3.013187303,0.621828077,0.610528763,-6.182001034,-6.178915235,24.6390283331132,3.502723853433541,2.061573403195293,1.957351850331448,1,2001,1992,0.75,0,1,1999,1999,1999,1999,1
PER,Peru,2002,0.742,0.724,,0.5125439999999999,0.5125439999999999,0.431,-0.589159525,-0.627304486,-9.56e-05,-0.000111102,-0.018887244,-0.018875794,7.468633144,7.383682699,0.15410195,0.135873877,3.017204115,3.019808627,0.628053971,0.621828077,-6.172007047,-6.182001034,24.66958879791899,3.570603451534511,1.23017325363801,2.034113710774682,1,2001,1992,0.75,0,0,2000,2000,2000,2000,1
PER,Peru,2003,0.724,0.724,,0.5125439999999999,0.5125439999999999,0.5125439999999999,-0.595372951,-0.589159525,4.54e-05,-9.56e-05,-0.020137606,-0.018887244,7.238541694,7.468633144,0.162378814,0.15410195,3.05982811,3.017204115,0.640451286,0.628053971,-6.182128808,-6.172007047,24.6750893638566,3.55718641157428,1.529339544678614,1.433346578951774,1,2001,1992,0.75,0,0,2001,2001,2001,2001,1
PER,Peru,2004,0.724,0.724,,0.5125439999999999,0.5125439999999999,0.5125439999999999,-0.562058535,-0.595372951,-7.35e-05,4.54e-05,-0.019079704,-0.020137606,7.277374746,7.238541694,0.199223189,0.162378814,2.985593334,3.05982811,0.630004483,0.640451286,-6.032750399,-6.182128808,24.72654633959932,3.562442304357929,2.078978876825068,0.1919540293502219,1,2001,1992,0.75,0,0,2002,2002,2002,2002,1
PER,Peru,2005,0.724,0.742,,0.5125439999999999,0.5125439999999999,0.5125439999999999,-0.550265794,-0.562058535,-1.32e-05,-7.35e-05,-0.017337943,-0.019079704,7.553743834,7.277374746,0.27759418,0.199223189,2.943014055,2.985593334,0.605230644,0.630004483,-5.780173035,-6.032750399,24.79623404628729,3.62765836620744,1.559494279166085,1.553959920286651,1,2001,1992,0.75,0,0,2003,2003,2003,2003,1
PER,Peru,2006,0.742,0.725,0.342,0.342,0.5125439999999999,0.5125439999999999,-0.55804365,-0.550265794,-2.91e-05,-1.32e-05,-0.016814807,-0.017337943,7.582851941,7.553743834,0.373165386,0.27759418,2.949802543,2.943014055,0.335248877,0.605230644,-5.636134387,-5.780173035,24.92450029718823,3.736146512945374,1.607471542758354,2.009423020405313,1,2006,1992,0.75,0,1,2004,2004,2004,2004,1
PER,Peru,2007,0.725,0.715,,0.342,0.342,0.5125439999999999,-0.566805255,-0.55804365,-5.85e-05,-2.91e-05,-0.01659023,-0.016814807,7.757774946,7.582851941,0.421083674,0.373165386,3.020817383,2.949802543,0.334999512,0.335248877,-5.554551161,-5.636134387,25.05479630760576,3.857721347857549,1.935152292308362,1.257591810707533,1,2006,1992,0.75,0,0,2005,2005,2005,2005,1
PER,Peru,2008,0.715,0.715,,0.342,0.342,0.342,-0.627300048,-0.566805255,-4.85e-05,-5.85e-05,-0.014743306,-0.01659023,7.326459521,7.757774946,0.49035277,0.421083674,2.954857666,3.020817383,0.639766081,0.334999512,-5.42093075,-5.554551161,25.20788508210511,3.947101614088035,2.072812739863087,1.444644833268018,1,2006,1992,0.75,0,0,2006,2006,2006,2006,1
PER,Peru,2009,0.715,0.715,,0.342,0.342,0.342,-0.535575578,-0.627300048,-4.61e-05,-4.85e-05,-0.015835288,-0.014743306,7.452349544,7.326459521,0.515371997,0.49035277,3.046195664,2.954857666,0.641932941,0.639766081,-5.412209731,-5.42093075,25.34991353255869,4.019766718120896,2.383318370286779,1.340679811316031,1,2006,1992,0.75,0,0,2007,2007,2007,2007,1
PER,Peru,2010,0.715,0.713,,0.342,0.342,0.342,-0.708558726,-0.535575578,-6.35e-05,-4.61e-05,-0.015137451,-0.015835288,7.592287316,7.452349544,0.584127115,0.515371997,2.998757713,3.046195664,0.637843585,0.641932941,-5.26855509,-5.412209731,25.51533541721813,4.067893931467177,2.448685260022384,2.455952615142778,1,2006,1992,0.75,0,0,2008,2008,2008,2008,1
PER,Peru,2011,0.713,0.752,0.6259236641221374,0.6259236641221374,0.342,0.342,-0.616896245,-0.708558726,-6.43e-05,-6.35e-05,-0.014447488,-0.015137451,7.65652597,7.592287316,0.66173223,0.584127115,2.984257823,2.998757713,0.637213151,0.637843585,-5.192123718,-5.26855509,25.51759239011892,3.873530163311779,2.373777596642696,1.798085860078817,1,2011,1992,0.75,0,1,2009,2009,2009,2009,1
PER,Peru,2012,0.752,0.755,,0.6259236641221374,0.6259236641221374,0.342,-0.631525062,-0.616896245,-6.3e-05,-6.43e-05,-0.013574725,-0.014447488,7.314180022,7.65652597,0.705883925,0.66173223,2.976886783,2.984257823,0.653967421,0.637213151,-5.11825202,-5.192123718,25.7172813275257,3.944931703836831,2.446542321546591,1.210370681682401,1,2011,1992,0.75,0,0,2010,2010,2010,2010,1
PER,Peru,2013,0.755,0.731,,0.6259236641221374,0.6259236641221374,0.6259236641221374,-0.788610843,-0.631525062,1.3e-05,-6.3e-05,-0.013871539,-0.013574725,7.068707606,7.314180022,0.547147961,0.705883925,2.954419007,2.976886783,0.644297544,0.653967421,-5.172434071,-5.11825202,25.86937410368532,4.025142388187555,2.203392304500061,1.929183701260939,1,2011,1992,0.75,0,0,2011,2011,2011,2011,1
PER,Peru,2014,0.731,0.731,,0.6259236641221374,0.6259236641221374,0.6259236641221374,-0.793372439,-0.788610843,0.000138256,1.3e-05,-0.01447454,-0.013871539,6.720175627,7.068707606,0.416367106,0.547147961,2.948733665,2.954419007,0.637638311,0.644297544,-5.311308386,-5.172434071,25.98414102039118,3.963094285173628,2.694024429838162,1.995832511123056,1,2011,1992,0.75,0,0,2012,2012,2012,2012,1
PER,Peru,2015,0.731,0.743,,0.6259236641221374,0.6259236641221374,0.6259236641221374,-0.67328868,-0.793372439,0.000276939,0.000138256,-0.014213931,-0.01447454,6.685798196,6.720175627,0.379900289,0.416367106,2.964494864,2.948733665,0.645044063,0.637638311,-5.364697583,-5.311308386,26.02744371495777,3.907756766903153,2.263705228137841,1.742376131773822,1,2011,1992,0.75,0,0,2013,2013,2013,2013,1
PER,Peru,2016,0.743,0.741,0.075,0.075,0.6259236641221374,0.6259236641221374,-0.735141109,-0.67328868,0.000259631,0.000276939,-0.012671443,-0.014213931,7.021227021,6.685798196,0.422308287,0.379900289,2.945134881,2.964494864,0.636659732,0.645044063,-5.296843653,-5.364697583,26.02550674922707,3.847017625276381,1.497340033735808,1.941244540831983,1,2016,1992,0.75,0,1,2014,2014,2014,2014,1
USA,United States of America,1996,0.978,0.978,0.251,0.251,0.251,0.251,2.406430038,4.348234335,0.028171858,0.043724138,0.244610822,0.244610822,11.23563505,11.37128455,7.500024106,7.500024106,3.005400432,3.027959472,0.662495798,0.432608124,-0.973443553,-0.973443553,29.61714544053387,3.047159869105638,0.7072023242388958,1.686411194722717,1,1996,1992,0.3,0,1,1994,1994,1994,1994,1
USA,United States of America,1997,0.978,0.978,,0.251,0.251,0.251,2.410307623,2.406430038,0.100171738,0.028171858,0.244610822,0.244610822,11.4212317,11.23563505,7.500024106,7.500024106,2.977145806,3.005400432,0.653955617,0.662495798,-0.973443553,-0.973443553,29.66438586516415,3.111441233092186,0.8119990039927787,1.755050176718144,1,1996,1992,0.3,0,0,1995,1995,1995,1995,1
USA,United States of America,1998,0.978,0.978,0.249,0.249,0.251,0.251,2.400303679,2.410307623,0.091301341,0.100171738,0.244610822,0.244610822,11.64144027,11.4212317,7.500024106,7.500024106,2.963172602,2.977145806,0.652242838,0.653955617,-0.973443553,-0.973443553,29.71956138832931,3.121795246403201,1.022163747135699,1.796463860007501,1,1998,1992,0.3,0,1,1996,1996,1996,1996,1
USA,United States of America,1999,0.978,0.978,,0.249,0.249,0.251,2.39690332,2.400303679,0.062334423,0.091301341,0.244610822,0.244610822,11.52842351,11.64144027,7.500024106,7.500024106,2.929042502,2.963172602,0.649074435,0.652242838,-0.973443553,-0.973443553,29.78016996047845,3.153945593600746,1.151890717739599,1.585203804757992,1,1998,1992,0.3,0,0,1997,1997,1997,1997,1
USA,United States of America,2000,0.978,0.98,0.249,0.249,0.249,0.249,2.25425306,2.39690332,0.062707248,0.062334423,0.244610822,0.244610822,11.59874115,11.52842351,7.500024106,7.500024106,2.938708686,2.929042502,0.65155062,0.649074435,-0.973443553,-0.973443553,29.83520124743776,3.127895459777024,1.582115684319649,1.223416927875421,1,2000,1992,0.3,0,1,1998,1998,1998,1998,1
USA,United States of America,2001,0.98,0.979,,0.249,0.249,0.249,2.402938164,2.25425306,0.059841804,0.062707248,0.244610822,0.244610822,11.64144027,11.59874115,7.500024106,7.500024106,2.983094095,2.938708686,0.652635756,0.65155062,-0.973443553,-0.973443553,29.89602629577644,3.149035324445044,1.892948032005963,1.524694910864312,1,2000,1992,0.3,0,0,1999,1999,1999,1999,1
USA,United States of America,2002,0.979,0.979,0.24,0.24,0.249,0.249,2.5540569,2.402938164,0.039361117,0.059841804,0.244610822,0.244610822,11.64144027,11.64144027,7.500024106,7.500024106,2.996332429,2.983094095,0.653011419,0.652635756,-0.973443553,-0.973443553,29.95839130474845,3.222987176052752,1.939509648023998,1.931328642229293,1,2002,1992,0.3,0,1,2000,2000,2000,2000,1
USA,United States of America,2003,0.979,0.979,,0.24,0.24,0.249,2.555777515,2.5540569,0.028917354,0.039361117,0.244610822,0.244610822,11.64144027,11.64144027,7.500024106,7.500024106,3.029978771,2.996332429,0.657314951,0.653011419,-0.973443553,-0.973443553,29.99016892402483,3.134066298487761,1.264828984360555,1.761994905374329,1,2002,1992,0.3,0,0,2001,2001,2001,2001,1
USA,United States of America,2004,0.979,0.979,0.199,0.199,0.24,0.24,2.693353726,2.555777515,0.031952073,0.028917354,0.227004851,0.244610822,11.64144027,11.64144027,7.500024106,7.500024106,3.062821696,3.029978771,0.660667991,0.657314951,-0.973443553,-0.973443553,30.022451257916,3.103975465233033,0.8927397975953942,1.241556787882981,1,2004,1992,0.3,0,1,2002,2002,2002,2002,1
USA,United States of America,2005,0.979,0.979,,0.199,0.199,0.24,2.697822903,2.693353726,0.031171713,0.031952073,0.225944291,0.227004851,11.64144027,11.64144027,7.500024106,7.500024106,3.095718929,3.062821696,0.662492598,0.660667991,-0.973443553,-0.973443553,30.06957331138356,3.119157716682341,0.8969738745295506,1.558289000950256,1,2004,1992,0.3,0,0,2003,2003,2003,2003,1
USA,United States of America,2006,0.979,0.979,0.199,0.199,0.199,0.199,4.065142026,2.697822903,0.025321997,0.031171713,0.213753792,0.225944291,11.64144027,11.64144027,7.500024106,7.500024106,3.13070788,3.095718929,0.437122134,0.662492598,-0.973443553,-0.973443553,30.13386535409136,3.196550959787383,1.325248308909012,1.711116385284799,1,2006,1992,0.3,0,1,2004,2004,2004,2004,1
USA,United States of America,2007,0.979,0.979,,0.199,0.199,0.199,3.898816652,4.065142026,0.024575345,0.025321997,0.179812186,0.213753792,11.64144027,11.64144027,7.45729814,7.500024106,3.168146031,3.13070788,0.444314554,0.437122134,-0.973443553,-0.973443553,30.19898125896153,3.244097196437065,0.9447266163153,1.935830670023512,1,2006,1992,0.3,0,0,2005,2005,2005,2005,1
USA,United States of America,2008,0.979,0.979,0.233,0.233,0.199,0.199,2.461504057,3.898816652,0.024493351,0.024575345,0.169456293,0.179812186,11.61759856,11.64144027,7.448336832,7.45729814,3.216065408,3.168146031,0.662495798,0.444314554,-0.982951755,-0.973443553,30.25681855968444,3.29492082053757,1.513123389529875,1.88757361500213,1,2008,1992,0.3,0,1,2006,2006,2006,2006,1
USA,United States of America,2009,0.979,0.982,,0.233,0.233,0.199,2.721724795,2.461504057,0.026625466,0.024493351,0.175549077,0.169456293,11.54630136,11.61759856,7.46402557,7.448336832,3.250769697,3.216065408,0.662495798,0.662495798,-0.973443553,-0.982951755,30.30339072898029,3.332633621032066,1.607394038788405,1.770798315622213,1,2008,1992,0.3,0,0,2007,2007,2007,2007,1
USA,United States of America,2010,0.982,0.983,0.214,0.214,0.233,0.233,2.127999802,2.721724795,0.024055594,0.026625466,0.163552393,0.175549077,11.549823,11.54630136,7.430895374,7.46402557,3.214134283,3.250769697,0.662495798,0.662495798,-0.973443553,-0.973443553,30.32360959231724,3.396780836218648,1.574011804589851,2.054931384173065,1,2010,1992,0.3,0,1,2008,2008,2008,2008,1
USA,United States of America,2011,0.983,0.983,,0.214,0.214,0.233,2.52886257,2.127999802,0.041565462,0.024055594,0.146520462,0.163552393,11.57938828,11.549823,7.432632925,7.430895374,3.238085028,3.214134283,0.661373379,0.662495798,-1.022122409,-0.973443553,30.30365585680118,3.20921051262047,0.9587963235266673,-0.3484519024007431,1,2010,1992,0.3,0,0,2009,2009,2009,2009,1
USA,United States of America,2012,0.983,0.982,0.175,0.175,0.214,0.214,2.458779449,2.52886257,0.018649179,0.041565462,0.146149805,0.146520462,11.46449393,11.57938828,7.381575077,7.432632925,3.195161483,3.238085028,0.662495798,0.661373379,-0.973443553,-1.022122409,30.34233029704843,3.340027233968205,1.328144415586207,1.270017165315075,1,2012,1992,0.3,0,1,2010,2010,2010,2010,1
USA,United States of America,2013,0.982,0.981,,0.175,0.175,0.214,1.947120969,2.458779449,0.029904419,0.018649179,0.135885878,0.146149805,11.20925771,11.46449393,7.31926891,7.381575077,3.160166946,3.195161483,0.662495798,0.662495798,-0.987309238,-0.973443553,30.37827460201935,3.428893162864471,1.295287216253999,1.866910795838228,1,2012,1992,0.3,0,0,2011,2011,2011,2011,1
USA,United States of America,2014,0.981,0.981,0.176,0.176,0.175,0.175,1.948469408,1.947120969,0.044654198,0.029904419,0.134131349,0.135885878,11.01867983,11.20925771,7.315918224,7.31926891,3.140475903,3.160166946,0.662495798,0.662495798,-0.973443553,-0.987309238,30.41935843975558,3.423670797582278,1.216861699124384,1.474220887666464,1,2014,1992,0.3,0,1,2012,2012,2012,2012,1
USA,United States of America,2015,0.981,0.981,,0.176,0.176,0.175,2.269181254,1.948469408,0.048181231,0.044654198,0.137981469,0.134131349,11.0052586,11.01867983,7.292088425,7.315918224,3.131239487,3.140475903,0.662495798,0.662495798,-0.973443553,-0.973443553,30.45496759568746,3.401462478802953,1.306216506281962,1.175096232648502,1,2014,1992,0.3,0,0,2013,2013,2013,2013,1
USA,United States of America,2016,0.981,0.972,0.403,0.403,0.176,0.176,2.091617095,2.269181254,0.122508743,0.048181231,0.137148661,0.137981469,11.31379943,11.0052586,7.323327876,7.292088425,3.136719895,3.131239487,0.662495798,0.662495798,-0.973443553,-0.973443553,30.49611382144269,3.401346642571708,1.158170561223651,1.260702977065525,1,2016,1992,0.3,0,1,2014,2014,2014,2014,1
